State,Date,Hospitalized
ALABAMA,2015-01-01,14.0
ALABAMA,2015-02-01,15.0
ALABAMA,2015-03-01,22.0
ALABAMA,2015-04-01,21.0
ALABAMA,2015-05-01,23.0
ALABAMA,2015-06-01,21.0
ALABAMA,2015-07-01,25.0
ALABAMA,2015-08-01,23.0
ALABAMA,2015-09-01,15.0
ALABAMA,2015-10-01,26.0
ALABAMA,2015-11-01,18.0
ALABAMA,2015-12-01,12.0
ALABAMA,2016-01-01,29.0
ALABAMA,2016-02-01,17.0
ALABAMA,2016-03-01,17.0
ALABAMA,2016-04-01,21.0
ALABAMA,2016-05-01,21.0
ALABAMA,2016-06-01,24.0
ALABAMA,2016-07-01,22.0
ALABAMA,2016-08-01,29.0
ALABAMA,2016-09-01,25.0
ALABAMA,2016-10-01,25.0
ALABAMA,2016-11-01,13.0
ALABAMA,2016-12-01,13.0
ALABAMA,2017-01-01,25.0
ALABAMA,2017-02-01,10.0
ALABAMA,2017-03-01,21.0
ALABAMA,2017-04-01,15.0
ALABAMA,2017-05-01,22.0
ALABAMA,2017-06-01,18.0
ALABAMA,2017-07-01,27.0
ALABAMA,2017-08-01,25.0
ALABAMA,2017-09-01,16.0
ALABAMA,2017-10-01,25.0
ALABAMA,2017-11-01,27.0
ALABAMA,2017-12-01,12.0
ALABAMA,2018-01-01,22.0
ALABAMA,2018-02-01,26.0
ALABAMA,2018-03-01,19.0
ALABAMA,2018-04-01,23.0
ALABAMA,2018-05-01,38.0
ALABAMA,2018-06-01,28.0
ALABAMA,2018-07-01,43.0
ALABAMA,2018-08-01,41.0
ALABAMA,2018-09-01,22.0
ALABAMA,2018-10-01,28.0
ALABAMA,2018-11-01,26.0
ALABAMA,2018-12-01,17.0
ALABAMA,2019-01-01,22.0
ALABAMA,2019-02-01,25.0
ALABAMA,2019-03-01,22.0
ALABAMA,2019-04-01,32.0
ALABAMA,2019-05-01,27.0
ALABAMA,2019-06-01,27.0
ALABAMA,2019-07-01,25.0
ALABAMA,2019-08-01,20.0
ALABAMA,2019-09-01,26.0
ALABAMA,2019-10-01,30.0
ALABAMA,2019-11-01,20.0
ALABAMA,2019-12-01,20.0
ALABAMA,2020-01-01,23.0
ALABAMA,2020-02-01,24.0
ALABAMA,2020-03-01,27.0
ALABAMA,2020-04-01,14.0
ALABAMA,2020-05-01,24.0
ALABAMA,2020-06-01,22.0
ALABAMA,2020-07-01,26.0
ALABAMA,2020-08-01,17.0
ALABAMA,2020-09-01,17.0
ALABAMA,2020-10-01,18.0
ALABAMA,2020-11-01,19.0
ALABAMA,2020-12-01,14.0
ALABAMA,2021-01-01,23.0
ALABAMA,2021-02-01,21.0
ALABAMA,2021-03-01,20.0
ALABAMA,2021-04-01,31.0
ALABAMA,2021-05-01,27.0
ALABAMA,2021-06-01,16.0
ALABAMA,2021-07-01,22.0
ALABAMA,2021-08-01,19.0
ALABAMA,2021-09-01,20.0
ALABAMA,2021-10-01,23.0
ALABAMA,2021-11-01,26.0
ALABAMA,2021-12-01,15.0
ALABAMA,2022-01-01,16.0
ALABAMA,2022-02-01,14.0
ALABAMA,2022-03-01,30.0
ALABAMA,2022-04-01,9.0
ALABAMA,2022-05-01,16.0
ALABAMA,2022-06-01,25.0
ALABAMA,2022-07-01,24.0
ALABAMA,2022-08-01,22.0
ALABAMA,2022-09-01,27.0
ALABAMA,2022-10-01,28.0
ALABAMA,2022-11-01,15.0
ALABAMA,2022-12-01,13.0
ALABAMA,2023-01-01,18.0
ALABAMA,2023-02-01,15.0
ALABAMA,2023-03-01,31.0
ALABAMA,2023-04-01,20.0
ALABAMA,2023-05-01,16.0
ALABAMA,2023-06-01,22.0
ALABAMA,2023-07-01,18.0
ALABAMA,2023-08-01,24.0
ALABAMA,2023-09-01,12.0
ALABAMA,2023-10-01,22.0
ALABAMA,2023-11-01,16.0
ALABAMA,2023-12-01,23.0
ALABAMA,2024-01-01,27.0
ALABAMA,2024-02-01,31.0
ALABAMA,2024-03-01,16.0
ALABAMA,2024-04-01,18.0
ALABAMA,2024-05-01,22.0
ALABAMA,2024-06-01,16.0
ALABAMA,2024-07-01,24.0
ALABAMA,2024-08-01,28.0
ALABAMA,2024-09-01,11.0
ALABAMA,2024-10-01,23.0
ALABAMA,2024-11-01,20.0
ALABAMA,2024-12-01,16.0
ALABAMA,2025-01-01,14.0
ALABAMA,2025-02-01,27.0
ARKANSAS,2015-01-01,10.0
ARKANSAS,2015-02-01,15.0
ARKANSAS,2015-03-01,14.0
ARKANSAS,2015-04-01,15.0
ARKANSAS,2015-05-01,7.0
ARKANSAS,2015-06-01,18.0
ARKANSAS,2015-07-01,19.0
ARKANSAS,2015-08-01,18.0
ARKANSAS,2015-09-01,20.0
ARKANSAS,2015-10-01,17.0
ARKANSAS,2015-11-01,10.0
ARKANSAS,2015-12-01,12.0
ARKANSAS,2016-01-01,17.0
ARKANSAS,2016-02-01,12.0
ARKANSAS,2016-03-01,12.0
ARKANSAS,2016-04-01,12.0
ARKANSAS,2016-05-01,7.0
ARKANSAS,2016-06-01,20.0
ARKANSAS,2016-07-01,17.0
ARKANSAS,2016-08-01,19.0
ARKANSAS,2016-09-01,19.0
ARKANSAS,2016-10-01,25.0
ARKANSAS,2016-11-01,19.0
ARKANSAS,2016-12-01,11.0
ARKANSAS,2017-01-01,16.0
ARKANSAS,2017-02-01,10.0
ARKANSAS,2017-03-01,15.0
ARKANSAS,2017-04-01,16.0
ARKANSAS,2017-05-01,8.0
ARKANSAS,2017-06-01,4.0
ARKANSAS,2017-07-01,17.0
ARKANSAS,2017-08-01,16.0
ARKANSAS,2017-09-01,17.0
ARKANSAS,2017-10-01,11.0
ARKANSAS,2017-11-01,15.0
ARKANSAS,2017-12-01,17.0
ARKANSAS,2018-01-01,11.0
ARKANSAS,2018-02-01,7.0
ARKANSAS,2018-03-01,11.0
ARKANSAS,2018-04-01,17.0
ARKANSAS,2018-05-01,16.0
ARKANSAS,2018-06-01,16.0
ARKANSAS,2018-07-01,18.0
ARKANSAS,2018-08-01,19.0
ARKANSAS,2018-09-01,9.0
ARKANSAS,2018-10-01,12.0
ARKANSAS,2018-11-01,18.0
ARKANSAS,2018-12-01,13.0
ARKANSAS,2019-01-01,10.0
ARKANSAS,2019-02-01,15.0
ARKANSAS,2019-03-01,15.0
ARKANSAS,2019-04-01,8.0
ARKANSAS,2019-05-01,11.0
ARKANSAS,2019-06-01,7.0
ARKANSAS,2019-07-01,12.0
ARKANSAS,2019-08-01,22.0
ARKANSAS,2019-09-01,14.0
ARKANSAS,2019-10-01,19.0
ARKANSAS,2019-11-01,14.0
ARKANSAS,2019-12-01,12.0
ARKANSAS,2020-01-01,11.0
ARKANSAS,2020-02-01,5.0
ARKANSAS,2020-03-01,11.0
ARKANSAS,2020-04-01,10.0
ARKANSAS,2020-05-01,11.0
ARKANSAS,2020-06-01,10.0
ARKANSAS,2020-07-01,7.0
ARKANSAS,2020-08-01,13.0
ARKANSAS,2020-09-01,13.0
ARKANSAS,2020-10-01,12.0
ARKANSAS,2020-11-01,8.0
ARKANSAS,2020-12-01,8.0
ARKANSAS,2021-01-01,11.0
ARKANSAS,2021-02-01,18.0
ARKANSAS,2021-03-01,7.0
ARKANSAS,2021-04-01,5.0
ARKANSAS,2021-05-01,9.0
ARKANSAS,2021-06-01,15.0
ARKANSAS,2021-07-01,14.0
ARKANSAS,2021-08-01,14.0
ARKANSAS,2021-09-01,15.0
ARKANSAS,2021-10-01,10.0
ARKANSAS,2021-11-01,14.0
ARKANSAS,2021-12-01,9.0
ARKANSAS,2022-01-01,10.0
ARKANSAS,2022-02-01,12.0
ARKANSAS,2022-03-01,16.0
ARKANSAS,2022-04-01,10.0
ARKANSAS,2022-05-01,13.0
ARKANSAS,2022-06-01,16.0
ARKANSAS,2022-07-01,16.0
ARKANSAS,2022-08-01,18.0
ARKANSAS,2022-09-01,16.0
ARKANSAS,2022-10-01,15.0
ARKANSAS,2022-11-01,8.0
ARKANSAS,2022-12-01,13.0
ARKANSAS,2023-01-01,8.0
ARKANSAS,2023-02-01,12.0
ARKANSAS,2023-03-01,12.0
ARKANSAS,2023-04-01,12.0
ARKANSAS,2023-05-01,7.0
ARKANSAS,2023-06-01,11.0
ARKANSAS,2023-07-01,15.0
ARKANSAS,2023-08-01,15.0
ARKANSAS,2023-09-01,10.0
ARKANSAS,2023-10-01,10.0
ARKANSAS,2023-11-01,13.0
ARKANSAS,2023-12-01,8.0
ARKANSAS,2024-01-01,11.0
ARKANSAS,2024-02-01,9.0
ARKANSAS,2024-03-01,11.0
ARKANSAS,2024-04-01,8.0
ARKANSAS,2024-05-01,9.0
ARKANSAS,2024-06-01,11.0
ARKANSAS,2024-07-01,23.0
ARKANSAS,2024-08-01,10.0
ARKANSAS,2024-09-01,8.0
ARKANSAS,2024-10-01,15.0
ARKANSAS,2024-11-01,10.0
ARKANSAS,2024-12-01,12.0
ARKANSAS,2025-01-01,7.0
ARKANSAS,2025-02-01,9.0
COLORADO,2015-01-01,18.0
COLORADO,2015-02-01,21.0
COLORADO,2015-03-01,19.0
COLORADO,2015-04-01,23.0
COLORADO,2015-05-01,19.0
COLORADO,2015-06-01,17.0
COLORADO,2015-07-01,22.0
COLORADO,2015-08-01,26.0
COLORADO,2015-09-01,16.0
COLORADO,2015-10-01,15.0
COLORADO,2015-11-01,23.0
COLORADO,2015-12-01,26.0
COLORADO,2016-01-01,16.0
COLORADO,2016-02-01,21.0
COLORADO,2016-03-01,21.0
COLORADO,2016-04-01,18.0
COLORADO,2016-05-01,21.0
COLORADO,2016-06-01,20.0
COLORADO,2016-07-01,25.0
COLORADO,2016-08-01,31.0
COLORADO,2016-09-01,26.0
COLORADO,2016-10-01,25.0
COLORADO,2016-11-01,17.0
COLORADO,2016-12-01,16.0
COLORADO,2017-01-01,18.0
COLORADO,2017-02-01,22.0
COLORADO,2017-03-01,23.0
COLORADO,2017-04-01,26.0
COLORADO,2017-05-01,24.0
COLORADO,2017-06-01,27.0
COLORADO,2017-07-01,39.0
COLORADO,2017-08-01,19.0
COLORADO,2017-09-01,21.0
COLORADO,2017-10-01,21.0
COLORADO,2017-11-01,29.0
COLORADO,2017-12-01,30.0
COLORADO,2018-01-01,30.0
COLORADO,2018-02-01,27.0
COLORADO,2018-03-01,33.0
COLORADO,2018-04-01,22.0
COLORADO,2018-05-01,36.0
COLORADO,2018-06-01,34.0
COLORADO,2018-07-01,27.0
COLORADO,2018-08-01,27.0
COLORADO,2018-09-01,22.0
COLORADO,2018-10-01,24.0
COLORADO,2018-11-01,22.0
COLORADO,2018-12-01,33.0
COLORADO,2019-01-01,36.0
COLORADO,2019-02-01,29.0
COLORADO,2019-03-01,18.0
COLORADO,2019-04-01,28.0
COLORADO,2019-05-01,33.0
COLORADO,2019-06-01,27.0
COLORADO,2019-07-01,30.0
COLORADO,2019-08-01,25.0
COLORADO,2019-09-01,35.0
COLORADO,2019-10-01,20.0
COLORADO,2019-11-01,15.0
COLORADO,2019-12-01,23.0
COLORADO,2020-01-01,21.0
COLORADO,2020-02-01,31.0
COLORADO,2020-03-01,19.0
COLORADO,2020-04-01,23.0
COLORADO,2020-05-01,19.0
COLORADO,2020-06-01,20.0
COLORADO,2020-07-01,24.0
COLORADO,2020-08-01,24.0
COLORADO,2020-09-01,20.0
COLORADO,2020-10-01,16.0
COLORADO,2020-11-01,19.0
COLORADO,2020-12-01,17.0
COLORADO,2021-01-01,10.0
COLORADO,2021-02-01,22.0
COLORADO,2021-03-01,13.0
COLORADO,2021-04-01,18.0
COLORADO,2021-05-01,16.0
COLORADO,2021-06-01,19.0
COLORADO,2021-07-01,14.0
COLORADO,2021-08-01,16.0
COLORADO,2021-09-01,16.0
COLORADO,2021-10-01,7.0
COLORADO,2021-11-01,20.0
COLORADO,2021-12-01,21.0
COLORADO,2022-01-01,20.0
COLORADO,2022-02-01,19.0
COLORADO,2022-03-01,24.0
COLORADO,2022-04-01,14.0
COLORADO,2022-05-01,17.0
COLORADO,2022-06-01,19.0
COLORADO,2022-07-01,15.0
COLORADO,2022-08-01,19.0
COLORADO,2022-09-01,19.0
COLORADO,2022-10-01,18.0
COLORADO,2022-11-01,16.0
COLORADO,2022-12-01,13.0
COLORADO,2023-01-01,19.0
COLORADO,2023-02-01,15.0
COLORADO,2023-03-01,20.0
COLORADO,2023-04-01,12.0
COLORADO,2023-05-01,16.0
COLORADO,2023-06-01,18.0
COLORADO,2023-07-01,19.0
COLORADO,2023-08-01,15.0
COLORADO,2023-09-01,12.0
COLORADO,2023-10-01,18.0
COLORADO,2023-11-01,15.0
COLORADO,2023-12-01,23.0
COLORADO,2024-01-01,18.0
COLORADO,2024-02-01,15.0
COLORADO,2024-03-01,17.0
COLORADO,2024-04-01,13.0
COLORADO,2024-05-01,24.0
COLORADO,2024-06-01,22.0
COLORADO,2024-07-01,25.0
COLORADO,2024-08-01,19.0
COLORADO,2024-09-01,9.0
COLORADO,2024-10-01,8.0
COLORADO,2024-11-01,18.0
COLORADO,2024-12-01,20.0
COLORADO,2025-01-01,16.0
COLORADO,2025-02-01,23.0
CONNECTICUT,2015-01-01,4.0
CONNECTICUT,2015-02-01,14.0
CONNECTICUT,2015-03-01,5.0
CONNECTICUT,2015-04-01,6.0
CONNECTICUT,2015-05-01,4.0
CONNECTICUT,2015-06-01,5.0
CONNECTICUT,2015-07-01,13.0
CONNECTICUT,2015-08-01,6.0
CONNECTICUT,2015-09-01,5.0
CONNECTICUT,2015-10-01,1.0
CONNECTICUT,2015-11-01,6.0
CONNECTICUT,2015-12-01,9.0
CONNECTICUT,2016-01-01,11.0
CONNECTICUT,2016-02-01,8.0
CONNECTICUT,2016-03-01,4.0
CONNECTICUT,2016-04-01,5.0
CONNECTICUT,2016-05-01,5.0
CONNECTICUT,2016-06-01,6.0
CONNECTICUT,2016-07-01,4.0
CONNECTICUT,2016-08-01,6.0
CONNECTICUT,2016-09-01,6.0
CONNECTICUT,2016-10-01,4.0
CONNECTICUT,2016-11-01,8.0
CONNECTICUT,2016-12-01,9.0
CONNECTICUT,2017-01-01,7.0
CONNECTICUT,2017-02-01,12.0
CONNECTICUT,2017-03-01,11.0
CONNECTICUT,2017-04-01,8.0
CONNECTICUT,2017-05-01,10.0
CONNECTICUT,2017-06-01,8.0
CONNECTICUT,2017-07-01,7.0
CONNECTICUT,2017-08-01,10.0
CONNECTICUT,2017-09-01,4.0
CONNECTICUT,2017-10-01,4.0
CONNECTICUT,2017-11-01,9.0
CONNECTICUT,2017-12-01,10.0
CONNECTICUT,2018-01-01,9.0
CONNECTICUT,2018-02-01,2.0
CONNECTICUT,2018-03-01,6.0
CONNECTICUT,2018-04-01,6.0
CONNECTICUT,2018-05-01,15.0
CONNECTICUT,2018-06-01,9.0
CONNECTICUT,2018-07-01,12.0
CONNECTICUT,2018-08-01,9.0
CONNECTICUT,2018-09-01,10.0
CONNECTICUT,2018-10-01,11.0
CONNECTICUT,2018-11-01,8.0
CONNECTICUT,2018-12-01,3.0
CONNECTICUT,2019-01-01,15.0
CONNECTICUT,2019-02-01,9.0
CONNECTICUT,2019-03-01,0.0
CONNECTICUT,2019-04-01,3.0
CONNECTICUT,2019-05-01,7.0
CONNECTICUT,2019-06-01,7.0
CONNECTICUT,2019-07-01,14.0
CONNECTICUT,2019-08-01,10.0
CONNECTICUT,2019-09-01,13.0
CONNECTICUT,2019-10-01,14.0
CONNECTICUT,2019-11-01,5.0
CONNECTICUT,2019-12-01,13.0
CONNECTICUT,2020-01-01,9.0
CONNECTICUT,2020-02-01,10.0
CONNECTICUT,2020-03-01,9.0
CONNECTICUT,2020-04-01,2.0
CONNECTICUT,2020-05-01,6.0
CONNECTICUT,2020-06-01,4.0
CONNECTICUT,2020-07-01,8.0
CONNECTICUT,2020-08-01,12.0
CONNECTICUT,2020-09-01,7.0
CONNECTICUT,2020-10-01,11.0
CONNECTICUT,2020-11-01,5.0
CONNECTICUT,2020-12-01,5.0
CONNECTICUT,2021-01-01,7.0
CONNECTICUT,2021-02-01,14.0
CONNECTICUT,2021-03-01,5.0
CONNECTICUT,2021-04-01,0.0
CONNECTICUT,2021-05-01,6.0
CONNECTICUT,2021-06-01,6.0
CONNECTICUT,2021-07-01,6.0
CONNECTICUT,2021-08-01,7.0
CONNECTICUT,2021-09-01,7.0
CONNECTICUT,2021-10-01,12.0
CONNECTICUT,2021-11-01,8.0
CONNECTICUT,2021-12-01,6.0
CONNECTICUT,2022-01-01,10.0
CONNECTICUT,2022-02-01,6.0
CONNECTICUT,2022-03-01,9.0
CONNECTICUT,2022-04-01,5.0
CONNECTICUT,2022-05-01,14.0
CONNECTICUT,2022-06-01,7.0
CONNECTICUT,2022-07-01,11.0
CONNECTICUT,2022-08-01,8.0
CONNECTICUT,2022-09-01,4.0
CONNECTICUT,2022-10-01,6.0
CONNECTICUT,2022-11-01,11.0
CONNECTICUT,2022-12-01,7.0
CONNECTICUT,2023-01-01,3.0
CONNECTICUT,2023-02-01,9.0
CONNECTICUT,2023-03-01,11.0
CONNECTICUT,2023-04-01,7.0
CONNECTICUT,2023-05-01,3.0
CONNECTICUT,2023-06-01,2.0
CONNECTICUT,2023-07-01,3.0
CONNECTICUT,2023-08-01,6.0
CONNECTICUT,2023-09-01,7.0
CONNECTICUT,2023-10-01,6.0
CONNECTICUT,2023-11-01,5.0
CONNECTICUT,2023-12-01,6.0
CONNECTICUT,2024-01-01,8.0
CONNECTICUT,2024-02-01,9.0
CONNECTICUT,2024-03-01,9.0
CONNECTICUT,2024-04-01,9.0
CONNECTICUT,2024-05-01,5.0
CONNECTICUT,2024-06-01,11.0
CONNECTICUT,2024-07-01,4.0
CONNECTICUT,2024-08-01,11.0
CONNECTICUT,2024-09-01,2.0
CONNECTICUT,2024-10-01,8.0
CONNECTICUT,2024-11-01,8.0
CONNECTICUT,2024-12-01,9.0
CONNECTICUT,2025-01-01,6.0
CONNECTICUT,2025-02-01,10.0
DELAWARE,2015-01-01,4.0
DELAWARE,2015-02-01,4.0
DELAWARE,2015-03-01,6.0
DELAWARE,2015-04-01,0.0
DELAWARE,2015-05-01,6.0
DELAWARE,2015-06-01,1.0
DELAWARE,2015-07-01,4.0
DELAWARE,2015-08-01,4.0
DELAWARE,2015-09-01,1.0
DELAWARE,2015-10-01,1.0
DELAWARE,2015-11-01,3.0
DELAWARE,2015-12-01,2.0
DELAWARE,2016-01-01,1.0
DELAWARE,2016-02-01,4.0
DELAWARE,2016-03-01,4.0
DELAWARE,2016-04-01,4.0
DELAWARE,2016-05-01,3.0
DELAWARE,2016-06-01,3.0
DELAWARE,2016-07-01,4.0
DELAWARE,2016-08-01,0.0
DELAWARE,2016-09-01,2.0
DELAWARE,2016-10-01,4.0
DELAWARE,2016-11-01,2.0
DELAWARE,2016-12-01,3.0
DELAWARE,2017-01-01,6.0
DELAWARE,2017-02-01,3.0
DELAWARE,2017-03-01,1.0
DELAWARE,2017-04-01,1.0
DELAWARE,2017-05-01,1.0
DELAWARE,2017-06-01,2.0
DELAWARE,2017-07-01,5.0
DELAWARE,2017-08-01,1.0
DELAWARE,2017-09-01,4.0
DELAWARE,2017-10-01,3.0
DELAWARE,2017-11-01,2.0
DELAWARE,2017-12-01,2.0
DELAWARE,2018-01-01,5.0
DELAWARE,2018-02-01,2.0
DELAWARE,2018-03-01,1.0
DELAWARE,2018-04-01,2.0
DELAWARE,2018-05-01,4.0
DELAWARE,2018-06-01,3.0
DELAWARE,2018-07-01,1.0
DELAWARE,2018-08-01,6.0
DELAWARE,2018-09-01,1.0
DELAWARE,2018-10-01,2.0
DELAWARE,2018-11-01,2.0
DELAWARE,2018-12-01,4.0
DELAWARE,2019-01-01,4.0
DELAWARE,2019-02-01,2.0
DELAWARE,2019-03-01,1.0
DELAWARE,2019-04-01,4.0
DELAWARE,2019-05-01,6.0
DELAWARE,2019-06-01,4.0
DELAWARE,2019-07-01,3.0
DELAWARE,2019-08-01,2.0
DELAWARE,2019-09-01,1.0
DELAWARE,2019-10-01,1.0
DELAWARE,2019-11-01,2.0
DELAWARE,2019-12-01,5.0
DELAWARE,2020-01-01,7.0
DELAWARE,2020-02-01,4.0
DELAWARE,2020-03-01,6.0
DELAWARE,2020-04-01,6.0
DELAWARE,2020-05-01,2.0
DELAWARE,2020-06-01,4.0
DELAWARE,2020-07-01,6.0
DELAWARE,2020-08-01,4.0
DELAWARE,2020-09-01,5.0
DELAWARE,2020-10-01,3.0
DELAWARE,2020-11-01,0.0
DELAWARE,2020-12-01,2.0
DELAWARE,2021-01-01,2.0
DELAWARE,2021-02-01,2.0
DELAWARE,2021-03-01,2.0
DELAWARE,2021-04-01,1.0
DELAWARE,2021-05-01,0.0
DELAWARE,2021-06-01,1.0
DELAWARE,2021-07-01,3.0
DELAWARE,2021-08-01,4.0
DELAWARE,2021-09-01,3.0
DELAWARE,2021-10-01,3.0
DELAWARE,2021-11-01,1.0
DELAWARE,2021-12-01,1.0
DELAWARE,2022-01-01,3.0
DELAWARE,2022-02-01,2.0
DELAWARE,2022-03-01,2.0
DELAWARE,2022-04-01,4.0
DELAWARE,2022-05-01,5.0
DELAWARE,2022-06-01,2.0
DELAWARE,2022-07-01,2.0
DELAWARE,2022-08-01,5.0
DELAWARE,2022-09-01,2.0
DELAWARE,2022-10-01,0.0
DELAWARE,2022-11-01,2.0
DELAWARE,2022-12-01,0.0
DELAWARE,2023-01-01,4.0
DELAWARE,2023-02-01,3.0
DELAWARE,2023-03-01,3.0
DELAWARE,2023-04-01,2.0
DELAWARE,2023-05-01,1.0
DELAWARE,2023-06-01,3.0
DELAWARE,2023-07-01,2.0
DELAWARE,2023-08-01,5.0
DELAWARE,2023-09-01,3.0
DELAWARE,2023-10-01,2.0
DELAWARE,2023-11-01,2.0
DELAWARE,2023-12-01,2.0
DELAWARE,2024-01-01,3.0
DELAWARE,2024-02-01,3.0
DELAWARE,2024-03-01,1.0
DELAWARE,2024-04-01,2.0
DELAWARE,2024-05-01,0.0
DELAWARE,2024-06-01,3.0
DELAWARE,2024-07-01,7.0
DELAWARE,2024-08-01,3.0
DELAWARE,2024-09-01,2.0
DELAWARE,2024-10-01,2.0
DELAWARE,2024-11-01,1.0
DELAWARE,2024-12-01,0.0
DELAWARE,2025-01-01,1.0
DELAWARE,2025-02-01,1.0
DISTRICT OF COLUMBIA,2015-01-01,2.0
DISTRICT OF COLUMBIA,2015-02-01,1.0
DISTRICT OF COLUMBIA,2015-03-01,2.0
DISTRICT OF COLUMBIA,2015-04-01,2.0
DISTRICT OF COLUMBIA,2015-05-01,2.0
DISTRICT OF COLUMBIA,2015-06-01,1.0
DISTRICT OF COLUMBIA,2015-07-01,5.0
DISTRICT OF COLUMBIA,2015-08-01,1.0
DISTRICT OF COLUMBIA,2015-09-01,2.0
DISTRICT OF COLUMBIA,2015-10-01,3.0
DISTRICT OF COLUMBIA,2015-11-01,1.0
DISTRICT OF COLUMBIA,2015-12-01,0.0
DISTRICT OF COLUMBIA,2016-01-01,3.0
DISTRICT OF COLUMBIA,2016-02-01,2.0
DISTRICT OF COLUMBIA,2016-03-01,5.0
DISTRICT OF COLUMBIA,2016-04-01,1.0
DISTRICT OF COLUMBIA,2016-05-01,1.0
DISTRICT OF COLUMBIA,2016-06-01,3.0
DISTRICT OF COLUMBIA,2016-07-01,4.0
DISTRICT OF COLUMBIA,2016-08-01,3.0
DISTRICT OF COLUMBIA,2016-09-01,2.0
DISTRICT OF COLUMBIA,2016-10-01,4.0
DISTRICT OF COLUMBIA,2016-11-01,4.0
DISTRICT OF COLUMBIA,2016-12-01,1.0
DISTRICT OF COLUMBIA,2017-01-01,2.0
DISTRICT OF COLUMBIA,2017-02-01,3.0
DISTRICT OF COLUMBIA,2017-03-01,5.0
DISTRICT OF COLUMBIA,2017-04-01,2.0
DISTRICT OF COLUMBIA,2017-05-01,4.0
DISTRICT OF COLUMBIA,2017-06-01,6.0
DISTRICT OF COLUMBIA,2017-07-01,4.0
DISTRICT OF COLUMBIA,2017-08-01,6.0
DISTRICT OF COLUMBIA,2017-09-01,0.0
DISTRICT OF COLUMBIA,2017-10-01,5.0
DISTRICT OF COLUMBIA,2017-11-01,3.0
DISTRICT OF COLUMBIA,2017-12-01,2.0
DISTRICT OF COLUMBIA,2018-01-01,2.0
DISTRICT OF COLUMBIA,2018-02-01,1.0
DISTRICT OF COLUMBIA,2018-03-01,4.0
DISTRICT OF COLUMBIA,2018-04-01,2.0
DISTRICT OF COLUMBIA,2018-05-01,1.0
DISTRICT OF COLUMBIA,2018-06-01,3.0
DISTRICT OF COLUMBIA,2018-07-01,4.0
DISTRICT OF COLUMBIA,2018-08-01,1.0
DISTRICT OF COLUMBIA,2018-09-01,3.0
DISTRICT OF COLUMBIA,2018-10-01,5.0
DISTRICT OF COLUMBIA,2018-11-01,1.0
DISTRICT OF COLUMBIA,2018-12-01,2.0
DISTRICT OF COLUMBIA,2019-01-01,5.0
DISTRICT OF COLUMBIA,2019-02-01,4.0
DISTRICT OF COLUMBIA,2019-03-01,2.0
DISTRICT OF COLUMBIA,2019-04-01,2.0
DISTRICT OF COLUMBIA,2019-05-01,0.0
DISTRICT OF COLUMBIA,2019-06-01,5.0
DISTRICT OF COLUMBIA,2019-07-01,3.0
DISTRICT OF COLUMBIA,2019-08-01,2.0
DISTRICT OF COLUMBIA,2019-09-01,1.0
DISTRICT OF COLUMBIA,2019-10-01,3.0
DISTRICT OF COLUMBIA,2019-11-01,0.0
DISTRICT OF COLUMBIA,2019-12-01,3.0
DISTRICT OF COLUMBIA,2020-01-01,3.0
DISTRICT OF COLUMBIA,2020-02-01,0.0
DISTRICT OF COLUMBIA,2020-03-01,2.0
DISTRICT OF COLUMBIA,2020-04-01,1.0
DISTRICT OF COLUMBIA,2020-05-01,2.0
DISTRICT OF COLUMBIA,2020-06-01,2.0
DISTRICT OF COLUMBIA,2020-07-01,2.0
DISTRICT OF COLUMBIA,2020-08-01,1.0
DISTRICT OF COLUMBIA,2020-09-01,2.0
DISTRICT OF COLUMBIA,2020-10-01,1.0
DISTRICT OF COLUMBIA,2020-11-01,1.0
DISTRICT OF COLUMBIA,2020-12-01,1.0
DISTRICT OF COLUMBIA,2021-01-01,1.0
DISTRICT OF COLUMBIA,2021-02-01,3.0
DISTRICT OF COLUMBIA,2021-03-01,1.0
DISTRICT OF COLUMBIA,2021-04-01,1.0
DISTRICT OF COLUMBIA,2021-05-01,0.0
DISTRICT OF COLUMBIA,2021-06-01,5.0
DISTRICT OF COLUMBIA,2021-07-01,1.0
DISTRICT OF COLUMBIA,2021-08-01,2.0
DISTRICT OF COLUMBIA,2021-09-01,2.0
DISTRICT OF COLUMBIA,2021-10-01,2.0
DISTRICT OF COLUMBIA,2021-11-01,2.0
DISTRICT OF COLUMBIA,2021-12-01,2.0
DISTRICT OF COLUMBIA,2022-01-01,0.0
DISTRICT OF COLUMBIA,2022-02-01,2.0
DISTRICT OF COLUMBIA,2022-03-01,1.0
DISTRICT OF COLUMBIA,2022-04-01,3.0
DISTRICT OF COLUMBIA,2022-05-01,1.0
DISTRICT OF COLUMBIA,2022-06-01,2.0
DISTRICT OF COLUMBIA,2022-07-01,3.0
DISTRICT OF COLUMBIA,2022-08-01,1.0
DISTRICT OF COLUMBIA,2022-09-01,3.0
DISTRICT OF COLUMBIA,2022-10-01,2.0
DISTRICT OF COLUMBIA,2022-11-01,1.0
DISTRICT OF COLUMBIA,2022-12-01,2.0
DISTRICT OF COLUMBIA,2023-01-01,0.0
DISTRICT OF COLUMBIA,2023-02-01,0.0
DISTRICT OF COLUMBIA,2023-03-01,1.0
DISTRICT OF COLUMBIA,2023-04-01,1.0
DISTRICT OF COLUMBIA,2023-05-01,1.0
DISTRICT OF COLUMBIA,2023-06-01,2.0
DISTRICT OF COLUMBIA,2023-07-01,2.0
DISTRICT OF COLUMBIA,2023-08-01,5.0
DISTRICT OF COLUMBIA,2023-09-01,2.0
DISTRICT OF COLUMBIA,2023-10-01,1.0
DISTRICT OF COLUMBIA,2023-11-01,2.0
DISTRICT OF COLUMBIA,2023-12-01,2.0
DISTRICT OF COLUMBIA,2024-01-01,2.0
DISTRICT OF COLUMBIA,2024-02-01,6.0
DISTRICT OF COLUMBIA,2024-03-01,2.0
DISTRICT OF COLUMBIA,2024-04-01,3.0
DISTRICT OF COLUMBIA,2024-05-01,2.0
DISTRICT OF COLUMBIA,2024-06-01,0.0
DISTRICT OF COLUMBIA,2024-07-01,1.0
DISTRICT OF COLUMBIA,2024-08-01,3.0
DISTRICT OF COLUMBIA,2024-09-01,1.0
DISTRICT OF COLUMBIA,2024-10-01,2.0
DISTRICT OF COLUMBIA,2024-11-01,1.0
DISTRICT OF COLUMBIA,2024-12-01,1.0
DISTRICT OF COLUMBIA,2025-01-01,1.0
DISTRICT OF COLUMBIA,2025-02-01,2.0
FLORIDA,2015-01-01,69.0
FLORIDA,2015-02-01,55.0
FLORIDA,2015-03-01,74.0
FLORIDA,2015-04-01,63.0
FLORIDA,2015-05-01,67.0
FLORIDA,2015-06-01,65.0
FLORIDA,2015-07-01,72.0
FLORIDA,2015-08-01,75.0
FLORIDA,2015-09-01,87.0
FLORIDA,2015-10-01,73.0
FLORIDA,2015-11-01,68.0
FLORIDA,2015-12-01,65.0
FLORIDA,2016-01-01,68.0
FLORIDA,2016-02-01,59.0
FLORIDA,2016-03-01,67.0
FLORIDA,2016-04-01,84.0
FLORIDA,2016-05-01,65.0
FLORIDA,2016-06-01,91.0
FLORIDA,2016-07-01,91.0
FLORIDA,2016-08-01,95.0
FLORIDA,2016-09-01,111.0
FLORIDA,2016-10-01,81.0
FLORIDA,2016-11-01,69.0
FLORIDA,2016-12-01,66.0
FLORIDA,2017-01-01,80.0
FLORIDA,2017-02-01,67.0
FLORIDA,2017-03-01,81.0
FLORIDA,2017-04-01,75.0
FLORIDA,2017-05-01,88.0
FLORIDA,2017-06-01,99.0
FLORIDA,2017-07-01,117.0
FLORIDA,2017-08-01,91.0
FLORIDA,2017-09-01,78.0
FLORIDA,2017-10-01,98.0
FLORIDA,2017-11-01,59.0
FLORIDA,2017-12-01,67.0
FLORIDA,2018-01-01,75.0
FLORIDA,2018-02-01,76.0
FLORIDA,2018-03-01,90.0
FLORIDA,2018-04-01,92.0
FLORIDA,2018-05-01,70.0
FLORIDA,2018-06-01,117.0
FLORIDA,2018-07-01,92.0
FLORIDA,2018-08-01,93.0
FLORIDA,2018-09-01,80.0
FLORIDA,2018-10-01,84.0
FLORIDA,2018-11-01,97.0
FLORIDA,2018-12-01,66.0
FLORIDA,2019-01-01,79.0
FLORIDA,2019-02-01,88.0
FLORIDA,2019-03-01,88.0
FLORIDA,2019-04-01,84.0
FLORIDA,2019-05-01,85.0
FLORIDA,2019-06-01,94.0
FLORIDA,2019-07-01,85.0
FLORIDA,2019-08-01,111.0
FLORIDA,2019-09-01,96.0
FLORIDA,2019-10-01,99.0
FLORIDA,2019-11-01,74.0
FLORIDA,2019-12-01,79.0
FLORIDA,2020-01-01,73.0
FLORIDA,2020-02-01,72.0
FLORIDA,2020-03-01,80.0
FLORIDA,2020-04-01,61.0
FLORIDA,2020-05-01,59.0
FLORIDA,2020-06-01,88.0
FLORIDA,2020-07-01,78.0
FLORIDA,2020-08-01,82.0
FLORIDA,2020-09-01,95.0
FLORIDA,2020-10-01,87.0
FLORIDA,2020-11-01,72.0
FLORIDA,2020-12-01,66.0
FLORIDA,2021-01-01,67.0
FLORIDA,2021-02-01,104.0
FLORIDA,2021-03-01,96.0
FLORIDA,2021-04-01,96.0
FLORIDA,2021-05-01,71.0
FLORIDA,2021-06-01,70.0
FLORIDA,2021-07-01,78.0
FLORIDA,2021-08-01,65.0
FLORIDA,2021-09-01,72.0
FLORIDA,2021-10-01,83.0
FLORIDA,2021-11-01,81.0
FLORIDA,2021-12-01,63.0
FLORIDA,2022-01-01,71.0
FLORIDA,2022-02-01,75.0
FLORIDA,2022-03-01,90.0
FLORIDA,2022-04-01,75.0
FLORIDA,2022-05-01,79.0
FLORIDA,2022-06-01,96.0
FLORIDA,2022-07-01,77.0
FLORIDA,2022-08-01,96.0
FLORIDA,2022-09-01,74.0
FLORIDA,2022-10-01,79.0
FLORIDA,2022-11-01,60.0
FLORIDA,2022-12-01,77.0
FLORIDA,2023-01-01,80.0
FLORIDA,2023-02-01,65.0
FLORIDA,2023-03-01,78.0
FLORIDA,2023-04-01,72.0
FLORIDA,2023-05-01,77.0
FLORIDA,2023-06-01,78.0
FLORIDA,2023-07-01,105.0
FLORIDA,2023-08-01,102.0
FLORIDA,2023-09-01,85.0
FLORIDA,2023-10-01,85.0
FLORIDA,2023-11-01,72.0
FLORIDA,2023-12-01,73.0
FLORIDA,2024-01-01,68.0
FLORIDA,2024-02-01,54.0
FLORIDA,2024-03-01,94.0
FLORIDA,2024-04-01,81.0
FLORIDA,2024-05-01,86.0
FLORIDA,2024-06-01,115.0
FLORIDA,2024-07-01,111.0
FLORIDA,2024-08-01,99.0
FLORIDA,2024-09-01,91.0
FLORIDA,2024-10-01,85.0
FLORIDA,2024-11-01,73.0
FLORIDA,2024-12-01,86.0
FLORIDA,2025-01-01,79.0
FLORIDA,2025-02-01,68.0
GEORGIA,2015-01-01,29.0
GEORGIA,2015-02-01,24.0
GEORGIA,2015-03-01,34.0
GEORGIA,2015-04-01,41.0
GEORGIA,2015-05-01,29.0
GEORGIA,2015-06-01,47.0
GEORGIA,2015-07-01,48.0
GEORGIA,2015-08-01,27.0
GEORGIA,2015-09-01,28.0
GEORGIA,2015-10-01,22.0
GEORGIA,2015-11-01,27.0
GEORGIA,2015-12-01,22.0
GEORGIA,2016-01-01,36.0
GEORGIA,2016-02-01,33.0
GEORGIA,2016-03-01,34.0
GEORGIA,2016-04-01,31.0
GEORGIA,2016-05-01,34.0
GEORGIA,2016-06-01,38.0
GEORGIA,2016-07-01,38.0
GEORGIA,2016-08-01,40.0
GEORGIA,2016-09-01,29.0
GEORGIA,2016-10-01,40.0
GEORGIA,2016-11-01,36.0
GEORGIA,2016-12-01,27.0
GEORGIA,2017-01-01,40.0
GEORGIA,2017-02-01,24.0
GEORGIA,2017-03-01,30.0
GEORGIA,2017-04-01,33.0
GEORGIA,2017-05-01,31.0
GEORGIA,2017-06-01,40.0
GEORGIA,2017-07-01,47.0
GEORGIA,2017-08-01,39.0
GEORGIA,2017-09-01,41.0
GEORGIA,2017-10-01,49.0
GEORGIA,2017-11-01,43.0
GEORGIA,2017-12-01,19.0
GEORGIA,2018-01-01,37.0
GEORGIA,2018-02-01,41.0
GEORGIA,2018-03-01,35.0
GEORGIA,2018-04-01,38.0
GEORGIA,2018-05-01,25.0
GEORGIA,2018-06-01,42.0
GEORGIA,2018-07-01,37.0
GEORGIA,2018-08-01,57.0
GEORGIA,2018-09-01,39.0
GEORGIA,2018-10-01,39.0
GEORGIA,2018-11-01,25.0
GEORGIA,2018-12-01,42.0
GEORGIA,2019-01-01,37.0
GEORGIA,2019-02-01,37.0
GEORGIA,2019-03-01,31.0
GEORGIA,2019-04-01,40.0
GEORGIA,2019-05-01,33.0
GEORGIA,2019-06-01,37.0
GEORGIA,2019-07-01,56.0
GEORGIA,2019-08-01,42.0
GEORGIA,2019-09-01,51.0
GEORGIA,2019-10-01,39.0
GEORGIA,2019-11-01,33.0
GEORGIA,2019-12-01,41.0
GEORGIA,2020-01-01,42.0
GEORGIA,2020-02-01,40.0
GEORGIA,2020-03-01,36.0
GEORGIA,2020-04-01,20.0
GEORGIA,2020-05-01,33.0
GEORGIA,2020-06-01,34.0
GEORGIA,2020-07-01,41.0
GEORGIA,2020-08-01,31.0
GEORGIA,2020-09-01,32.0
GEORGIA,2020-10-01,41.0
GEORGIA,2020-11-01,29.0
GEORGIA,2020-12-01,34.0
GEORGIA,2021-01-01,32.0
GEORGIA,2021-02-01,33.0
GEORGIA,2021-03-01,29.0
GEORGIA,2021-04-01,37.0
GEORGIA,2021-05-01,25.0
GEORGIA,2021-06-01,40.0
GEORGIA,2021-07-01,38.0
GEORGIA,2021-08-01,31.0
GEORGIA,2021-09-01,32.0
GEORGIA,2021-10-01,35.0
GEORGIA,2021-11-01,34.0
GEORGIA,2021-12-01,33.0
GEORGIA,2022-01-01,26.0
GEORGIA,2022-02-01,27.0
GEORGIA,2022-03-01,38.0
GEORGIA,2022-04-01,30.0
GEORGIA,2022-05-01,36.0
GEORGIA,2022-06-01,46.0
GEORGIA,2022-07-01,37.0
GEORGIA,2022-08-01,41.0
GEORGIA,2022-09-01,34.0
GEORGIA,2022-10-01,30.0
GEORGIA,2022-11-01,37.0
GEORGIA,2022-12-01,25.0
GEORGIA,2023-01-01,34.0
GEORGIA,2023-02-01,33.0
GEORGIA,2023-03-01,25.0
GEORGIA,2023-04-01,25.0
GEORGIA,2023-05-01,39.0
GEORGIA,2023-06-01,35.0
GEORGIA,2023-07-01,39.0
GEORGIA,2023-08-01,36.0
GEORGIA,2023-09-01,40.0
GEORGIA,2023-10-01,38.0
GEORGIA,2023-11-01,28.0
GEORGIA,2023-12-01,28.0
GEORGIA,2024-01-01,31.0
GEORGIA,2024-02-01,30.0
GEORGIA,2024-03-01,36.0
GEORGIA,2024-04-01,36.0
GEORGIA,2024-05-01,44.0
GEORGIA,2024-06-01,32.0
GEORGIA,2024-07-01,44.0
GEORGIA,2024-08-01,39.0
GEORGIA,2024-09-01,36.0
GEORGIA,2024-10-01,39.0
GEORGIA,2024-11-01,37.0
GEORGIA,2024-12-01,26.0
GEORGIA,2025-01-01,35.0
GEORGIA,2025-02-01,30.0
IDAHO,2015-01-01,3.0
IDAHO,2015-02-01,1.0
IDAHO,2015-03-01,5.0
IDAHO,2015-04-01,5.0
IDAHO,2015-05-01,6.0
IDAHO,2015-06-01,6.0
IDAHO,2015-07-01,7.0
IDAHO,2015-08-01,10.0
IDAHO,2015-09-01,11.0
IDAHO,2015-10-01,1.0
IDAHO,2015-11-01,3.0
IDAHO,2015-12-01,6.0
IDAHO,2016-01-01,7.0
IDAHO,2016-02-01,1.0
IDAHO,2016-03-01,8.0
IDAHO,2016-04-01,6.0
IDAHO,2016-05-01,3.0
IDAHO,2016-06-01,6.0
IDAHO,2016-07-01,9.0
IDAHO,2016-08-01,16.0
IDAHO,2016-09-01,7.0
IDAHO,2016-10-01,5.0
IDAHO,2016-11-01,4.0
IDAHO,2016-12-01,4.0
IDAHO,2017-01-01,17.0
IDAHO,2017-02-01,6.0
IDAHO,2017-03-01,5.0
IDAHO,2017-04-01,6.0
IDAHO,2017-05-01,6.0
IDAHO,2017-06-01,10.0
IDAHO,2017-07-01,14.0
IDAHO,2017-08-01,12.0
IDAHO,2017-09-01,8.0
IDAHO,2017-10-01,6.0
IDAHO,2017-11-01,6.0
IDAHO,2017-12-01,4.0
IDAHO,2018-01-01,4.0
IDAHO,2018-02-01,5.0
IDAHO,2018-03-01,9.0
IDAHO,2018-04-01,4.0
IDAHO,2018-05-01,2.0
IDAHO,2018-06-01,13.0
IDAHO,2018-07-01,8.0
IDAHO,2018-08-01,8.0
IDAHO,2018-09-01,5.0
IDAHO,2018-10-01,8.0
IDAHO,2018-11-01,6.0
IDAHO,2018-12-01,7.0
IDAHO,2019-01-01,5.0
IDAHO,2019-02-01,7.0
IDAHO,2019-03-01,4.0
IDAHO,2019-04-01,14.0
IDAHO,2019-05-01,6.0
IDAHO,2019-06-01,8.0
IDAHO,2019-07-01,9.0
IDAHO,2019-08-01,9.0
IDAHO,2019-09-01,8.0
IDAHO,2019-10-01,8.0
IDAHO,2019-11-01,2.0
IDAHO,2019-12-01,8.0
IDAHO,2020-01-01,8.0
IDAHO,2020-02-01,5.0
IDAHO,2020-03-01,6.0
IDAHO,2020-04-01,2.0
IDAHO,2020-05-01,5.0
IDAHO,2020-06-01,5.0
IDAHO,2020-07-01,7.0
IDAHO,2020-08-01,2.0
IDAHO,2020-09-01,4.0
IDAHO,2020-10-01,3.0
IDAHO,2020-11-01,5.0
IDAHO,2020-12-01,4.0
IDAHO,2021-01-01,8.0
IDAHO,2021-02-01,7.0
IDAHO,2021-03-01,8.0
IDAHO,2021-04-01,7.0
IDAHO,2021-05-01,5.0
IDAHO,2021-06-01,6.0
IDAHO,2021-07-01,2.0
IDAHO,2021-08-01,8.0
IDAHO,2021-09-01,7.0
IDAHO,2021-10-01,2.0
IDAHO,2021-11-01,10.0
IDAHO,2021-12-01,5.0
IDAHO,2022-01-01,8.0
IDAHO,2022-02-01,5.0
IDAHO,2022-03-01,4.0
IDAHO,2022-04-01,8.0
IDAHO,2022-05-01,11.0
IDAHO,2022-06-01,5.0
IDAHO,2022-07-01,5.0
IDAHO,2022-08-01,11.0
IDAHO,2022-09-01,10.0
IDAHO,2022-10-01,8.0
IDAHO,2022-11-01,7.0
IDAHO,2022-12-01,3.0
IDAHO,2023-01-01,2.0
IDAHO,2023-02-01,2.0
IDAHO,2023-03-01,3.0
IDAHO,2023-04-01,7.0
IDAHO,2023-05-01,6.0
IDAHO,2023-06-01,9.0
IDAHO,2023-07-01,7.0
IDAHO,2023-08-01,6.0
IDAHO,2023-09-01,3.0
IDAHO,2023-10-01,7.0
IDAHO,2023-11-01,12.0
IDAHO,2023-12-01,4.0
IDAHO,2024-01-01,1.0
IDAHO,2024-02-01,6.0
IDAHO,2024-03-01,6.0
IDAHO,2024-04-01,6.0
IDAHO,2024-05-01,8.0
IDAHO,2024-06-01,5.0
IDAHO,2024-07-01,5.0
IDAHO,2024-08-01,7.0
IDAHO,2024-09-01,10.0
IDAHO,2024-10-01,7.0
IDAHO,2024-11-01,11.0
IDAHO,2024-12-01,8.0
IDAHO,2025-01-01,7.0
IDAHO,2025-02-01,9.0
ILLINOIS,2015-01-01,53.0
ILLINOIS,2015-02-01,43.0
ILLINOIS,2015-03-01,36.0
ILLINOIS,2015-04-01,32.0
ILLINOIS,2015-05-01,41.0
ILLINOIS,2015-06-01,35.0
ILLINOIS,2015-07-01,52.0
ILLINOIS,2015-08-01,40.0
ILLINOIS,2015-09-01,42.0
ILLINOIS,2015-10-01,41.0
ILLINOIS,2015-11-01,36.0
ILLINOIS,2015-12-01,34.0
ILLINOIS,2016-01-01,45.0
ILLINOIS,2016-02-01,42.0
ILLINOIS,2016-03-01,30.0
ILLINOIS,2016-04-01,50.0
ILLINOIS,2016-05-01,35.0
ILLINOIS,2016-06-01,54.0
ILLINOIS,2016-07-01,50.0
ILLINOIS,2016-08-01,52.0
ILLINOIS,2016-09-01,43.0
ILLINOIS,2016-10-01,35.0
ILLINOIS,2016-11-01,38.0
ILLINOIS,2016-12-01,45.0
ILLINOIS,2017-01-01,37.0
ILLINOIS,2017-02-01,53.0
ILLINOIS,2017-03-01,50.0
ILLINOIS,2017-04-01,41.0
ILLINOIS,2017-05-01,34.0
ILLINOIS,2017-06-01,43.0
ILLINOIS,2017-07-01,46.0
ILLINOIS,2017-08-01,52.0
ILLINOIS,2017-09-01,44.0
ILLINOIS,2017-10-01,31.0
ILLINOIS,2017-11-01,40.0
ILLINOIS,2017-12-01,27.0
ILLINOIS,2018-01-01,49.0
ILLINOIS,2018-02-01,38.0
ILLINOIS,2018-03-01,32.0
ILLINOIS,2018-04-01,39.0
ILLINOIS,2018-05-01,52.0
ILLINOIS,2018-06-01,43.0
ILLINOIS,2018-07-01,50.0
ILLINOIS,2018-08-01,38.0
ILLINOIS,2018-09-01,39.0
ILLINOIS,2018-10-01,47.0
ILLINOIS,2018-11-01,52.0
ILLINOIS,2018-12-01,38.0
ILLINOIS,2019-01-01,47.0
ILLINOIS,2019-02-01,47.0
ILLINOIS,2019-03-01,44.0
ILLINOIS,2019-04-01,27.0
ILLINOIS,2019-05-01,43.0
ILLINOIS,2019-06-01,34.0
ILLINOIS,2019-07-01,53.0
ILLINOIS,2019-08-01,51.0
ILLINOIS,2019-09-01,47.0
ILLINOIS,2019-10-01,46.0
ILLINOIS,2019-11-01,46.0
ILLINOIS,2019-12-01,39.0
ILLINOIS,2020-01-01,51.0
ILLINOIS,2020-02-01,42.0
ILLINOIS,2020-03-01,35.0
ILLINOIS,2020-04-01,26.0
ILLINOIS,2020-05-01,31.0
ILLINOIS,2020-06-01,30.0
ILLINOIS,2020-07-01,32.0
ILLINOIS,2020-08-01,34.0
ILLINOIS,2020-09-01,37.0
ILLINOIS,2020-10-01,28.0
ILLINOIS,2020-11-01,27.0
ILLINOIS,2020-12-01,24.0
ILLINOIS,2021-01-01,25.0
ILLINOIS,2021-02-01,32.0
ILLINOIS,2021-03-01,43.0
ILLINOIS,2021-04-01,25.0
ILLINOIS,2021-05-01,40.0
ILLINOIS,2021-06-01,41.0
ILLINOIS,2021-07-01,48.0
ILLINOIS,2021-08-01,48.0
ILLINOIS,2021-09-01,32.0
ILLINOIS,2021-10-01,42.0
ILLINOIS,2021-11-01,39.0
ILLINOIS,2021-12-01,34.0
ILLINOIS,2022-01-01,34.0
ILLINOIS,2022-02-01,47.0
ILLINOIS,2022-03-01,48.0
ILLINOIS,2022-04-01,35.0
ILLINOIS,2022-05-01,39.0
ILLINOIS,2022-06-01,39.0
ILLINOIS,2022-07-01,35.0
ILLINOIS,2022-08-01,40.0
ILLINOIS,2022-09-01,47.0
ILLINOIS,2022-10-01,33.0
ILLINOIS,2022-11-01,34.0
ILLINOIS,2022-12-01,31.0
ILLINOIS,2023-01-01,35.0
ILLINOIS,2023-02-01,35.0
ILLINOIS,2023-03-01,32.0
ILLINOIS,2023-04-01,34.0
ILLINOIS,2023-05-01,44.0
ILLINOIS,2023-06-01,30.0
ILLINOIS,2023-07-01,40.0
ILLINOIS,2023-08-01,35.0
ILLINOIS,2023-09-01,39.0
ILLINOIS,2023-10-01,37.0
ILLINOIS,2023-11-01,39.0
ILLINOIS,2023-12-01,29.0
ILLINOIS,2024-01-01,48.0
ILLINOIS,2024-02-01,34.0
ILLINOIS,2024-03-01,29.0
ILLINOIS,2024-04-01,27.0
ILLINOIS,2024-05-01,21.0
ILLINOIS,2024-06-01,29.0
ILLINOIS,2024-07-01,45.0
ILLINOIS,2024-08-01,32.0
ILLINOIS,2024-09-01,39.0
ILLINOIS,2024-10-01,44.0
ILLINOIS,2024-11-01,35.0
ILLINOIS,2024-12-01,26.0
ILLINOIS,2025-01-01,35.0
ILLINOIS,2025-02-01,36.0
KANSAS,2015-01-01,13.0
KANSAS,2015-02-01,15.0
KANSAS,2015-03-01,12.0
KANSAS,2015-04-01,20.0
KANSAS,2015-05-01,3.0
KANSAS,2015-06-01,19.0
KANSAS,2015-07-01,15.0
KANSAS,2015-08-01,11.0
KANSAS,2015-09-01,15.0
KANSAS,2015-10-01,11.0
KANSAS,2015-11-01,18.0
KANSAS,2015-12-01,14.0
KANSAS,2016-01-01,13.0
KANSAS,2016-02-01,14.0
KANSAS,2016-03-01,11.0
KANSAS,2016-04-01,12.0
KANSAS,2016-05-01,6.0
KANSAS,2016-06-01,16.0
KANSAS,2016-07-01,23.0
KANSAS,2016-08-01,20.0
KANSAS,2016-09-01,13.0
KANSAS,2016-10-01,22.0
KANSAS,2016-11-01,15.0
KANSAS,2016-12-01,20.0
KANSAS,2017-01-01,14.0
KANSAS,2017-02-01,7.0
KANSAS,2017-03-01,10.0
KANSAS,2017-04-01,11.0
KANSAS,2017-05-01,13.0
KANSAS,2017-06-01,12.0
KANSAS,2017-07-01,15.0
KANSAS,2017-08-01,15.0
KANSAS,2017-09-01,10.0
KANSAS,2017-10-01,7.0
KANSAS,2017-11-01,8.0
KANSAS,2017-12-01,15.0
KANSAS,2018-01-01,11.0
KANSAS,2018-02-01,16.0
KANSAS,2018-03-01,11.0
KANSAS,2018-04-01,15.0
KANSAS,2018-05-01,12.0
KANSAS,2018-06-01,12.0
KANSAS,2018-07-01,24.0
KANSAS,2018-08-01,16.0
KANSAS,2018-09-01,11.0
KANSAS,2018-10-01,12.0
KANSAS,2018-11-01,12.0
KANSAS,2018-12-01,13.0
KANSAS,2019-01-01,10.0
KANSAS,2019-02-01,22.0
KANSAS,2019-03-01,13.0
KANSAS,2019-04-01,17.0
KANSAS,2019-05-01,11.0
KANSAS,2019-06-01,19.0
KANSAS,2019-07-01,16.0
KANSAS,2019-08-01,24.0
KANSAS,2019-09-01,13.0
KANSAS,2019-10-01,23.0
KANSAS,2019-11-01,11.0
KANSAS,2019-12-01,12.0
KANSAS,2020-01-01,16.0
KANSAS,2020-02-01,10.0
KANSAS,2020-03-01,12.0
KANSAS,2020-04-01,7.0
KANSAS,2020-05-01,12.0
KANSAS,2020-06-01,12.0
KANSAS,2020-07-01,15.0
KANSAS,2020-08-01,17.0
KANSAS,2020-09-01,18.0
KANSAS,2020-10-01,12.0
KANSAS,2020-11-01,17.0
KANSAS,2020-12-01,9.0
KANSAS,2021-01-01,6.0
KANSAS,2021-02-01,24.0
KANSAS,2021-03-01,13.0
KANSAS,2021-04-01,15.0
KANSAS,2021-05-01,7.0
KANSAS,2021-06-01,16.0
KANSAS,2021-07-01,10.0
KANSAS,2021-08-01,15.0
KANSAS,2021-09-01,10.0
KANSAS,2021-10-01,19.0
KANSAS,2021-11-01,8.0
KANSAS,2021-12-01,11.0
KANSAS,2022-01-01,8.0
KANSAS,2022-02-01,18.0
KANSAS,2022-03-01,5.0
KANSAS,2022-04-01,7.0
KANSAS,2022-05-01,9.0
KANSAS,2022-06-01,16.0
KANSAS,2022-07-01,12.0
KANSAS,2022-08-01,15.0
KANSAS,2022-09-01,11.0
KANSAS,2022-10-01,7.0
KANSAS,2022-11-01,13.0
KANSAS,2022-12-01,25.0
KANSAS,2023-01-01,12.0
KANSAS,2023-02-01,17.0
KANSAS,2023-03-01,17.0
KANSAS,2023-04-01,18.0
KANSAS,2023-05-01,7.0
KANSAS,2023-06-01,11.0
KANSAS,2023-07-01,17.0
KANSAS,2023-08-01,13.0
KANSAS,2023-09-01,15.0
KANSAS,2023-10-01,12.0
KANSAS,2023-11-01,18.0
KANSAS,2023-12-01,7.0
KANSAS,2024-01-01,20.0
KANSAS,2024-02-01,10.0
KANSAS,2024-03-01,7.0
KANSAS,2024-04-01,9.0
KANSAS,2024-05-01,10.0
KANSAS,2024-06-01,11.0
KANSAS,2024-07-01,13.0
KANSAS,2024-08-01,22.0
KANSAS,2024-09-01,7.0
KANSAS,2024-10-01,13.0
KANSAS,2024-11-01,6.0
KANSAS,2024-12-01,8.0
KANSAS,2025-01-01,14.0
KANSAS,2025-02-01,11.0
LOUISIANA,2015-01-01,13.0
LOUISIANA,2015-02-01,22.0
LOUISIANA,2015-03-01,18.0
LOUISIANA,2015-04-01,19.0
LOUISIANA,2015-05-01,24.0
LOUISIANA,2015-06-01,17.0
LOUISIANA,2015-07-01,30.0
LOUISIANA,2015-08-01,11.0
LOUISIANA,2015-09-01,29.0
LOUISIANA,2015-10-01,20.0
LOUISIANA,2015-11-01,16.0
LOUISIANA,2015-12-01,16.0
LOUISIANA,2016-01-01,12.0
LOUISIANA,2016-02-01,16.0
LOUISIANA,2016-03-01,18.0
LOUISIANA,2016-04-01,14.0
LOUISIANA,2016-05-01,18.0
LOUISIANA,2016-06-01,9.0
LOUISIANA,2016-07-01,17.0
LOUISIANA,2016-08-01,29.0
LOUISIANA,2016-09-01,21.0
LOUISIANA,2016-10-01,23.0
LOUISIANA,2016-11-01,11.0
LOUISIANA,2016-12-01,12.0
LOUISIANA,2017-01-01,15.0
LOUISIANA,2017-02-01,23.0
LOUISIANA,2017-03-01,21.0
LOUISIANA,2017-04-01,9.0
LOUISIANA,2017-05-01,20.0
LOUISIANA,2017-06-01,16.0
LOUISIANA,2017-07-01,24.0
LOUISIANA,2017-08-01,26.0
LOUISIANA,2017-09-01,21.0
LOUISIANA,2017-10-01,21.0
LOUISIANA,2017-11-01,15.0
LOUISIANA,2017-12-01,21.0
LOUISIANA,2018-01-01,20.0
LOUISIANA,2018-02-01,16.0
LOUISIANA,2018-03-01,26.0
LOUISIANA,2018-04-01,16.0
LOUISIANA,2018-05-01,15.0
LOUISIANA,2018-06-01,33.0
LOUISIANA,2018-07-01,18.0
LOUISIANA,2018-08-01,20.0
LOUISIANA,2018-09-01,17.0
LOUISIANA,2018-10-01,25.0
LOUISIANA,2018-11-01,20.0
LOUISIANA,2018-12-01,11.0
LOUISIANA,2019-01-01,17.0
LOUISIANA,2019-02-01,16.0
LOUISIANA,2019-03-01,26.0
LOUISIANA,2019-04-01,20.0
LOUISIANA,2019-05-01,20.0
LOUISIANA,2019-06-01,24.0
LOUISIANA,2019-07-01,19.0
LOUISIANA,2019-08-01,23.0
LOUISIANA,2019-09-01,19.0
LOUISIANA,2019-10-01,23.0
LOUISIANA,2019-11-01,16.0
LOUISIANA,2019-12-01,15.0
LOUISIANA,2020-01-01,12.0
LOUISIANA,2020-02-01,16.0
LOUISIANA,2020-03-01,10.0
LOUISIANA,2020-04-01,14.0
LOUISIANA,2020-05-01,13.0
LOUISIANA,2020-06-01,17.0
LOUISIANA,2020-07-01,12.0
LOUISIANA,2020-08-01,13.0
LOUISIANA,2020-09-01,21.0
LOUISIANA,2020-10-01,17.0
LOUISIANA,2020-11-01,8.0
LOUISIANA,2020-12-01,9.0
LOUISIANA,2021-01-01,18.0
LOUISIANA,2021-02-01,17.0
LOUISIANA,2021-03-01,20.0
LOUISIANA,2021-04-01,19.0
LOUISIANA,2021-05-01,8.0
LOUISIANA,2021-06-01,13.0
LOUISIANA,2021-07-01,11.0
LOUISIANA,2021-08-01,11.0
LOUISIANA,2021-09-01,21.0
LOUISIANA,2021-10-01,8.0
LOUISIANA,2021-11-01,10.0
LOUISIANA,2021-12-01,15.0
LOUISIANA,2022-01-01,12.0
LOUISIANA,2022-02-01,12.0
LOUISIANA,2022-03-01,12.0
LOUISIANA,2022-04-01,18.0
LOUISIANA,2022-05-01,13.0
LOUISIANA,2022-06-01,20.0
LOUISIANA,2022-07-01,10.0
LOUISIANA,2022-08-01,16.0
LOUISIANA,2022-09-01,11.0
LOUISIANA,2022-10-01,10.0
LOUISIANA,2022-11-01,13.0
LOUISIANA,2022-12-01,13.0
LOUISIANA,2023-01-01,20.0
LOUISIANA,2023-02-01,17.0
LOUISIANA,2023-03-01,14.0
LOUISIANA,2023-04-01,20.0
LOUISIANA,2023-05-01,18.0
LOUISIANA,2023-06-01,16.0
LOUISIANA,2023-07-01,22.0
LOUISIANA,2023-08-01,13.0
LOUISIANA,2023-09-01,17.0
LOUISIANA,2023-10-01,16.0
LOUISIANA,2023-11-01,11.0
LOUISIANA,2023-12-01,11.0
LOUISIANA,2024-01-01,9.0
LOUISIANA,2024-02-01,18.0
LOUISIANA,2024-03-01,7.0
LOUISIANA,2024-04-01,15.0
LOUISIANA,2024-05-01,5.0
LOUISIANA,2024-06-01,23.0
LOUISIANA,2024-07-01,13.0
LOUISIANA,2024-08-01,16.0
LOUISIANA,2024-09-01,18.0
LOUISIANA,2024-10-01,11.0
LOUISIANA,2024-11-01,6.0
LOUISIANA,2024-12-01,7.0
LOUISIANA,2025-01-01,9.0
LOUISIANA,2025-02-01,12.0
MAINE,2015-01-01,8.0
MAINE,2015-02-01,3.0
MAINE,2015-03-01,3.0
MAINE,2015-04-01,2.0
MAINE,2015-05-01,1.0
MAINE,2015-06-01,3.0
MAINE,2015-07-01,6.0
MAINE,2015-08-01,3.0
MAINE,2015-09-01,2.0
MAINE,2015-10-01,7.0
MAINE,2015-11-01,5.0
MAINE,2015-12-01,3.0
MAINE,2016-01-01,2.0
MAINE,2016-02-01,5.0
MAINE,2016-03-01,3.0
MAINE,2016-04-01,2.0
MAINE,2016-05-01,3.0
MAINE,2016-06-01,6.0
MAINE,2016-07-01,3.0
MAINE,2016-08-01,5.0
MAINE,2016-09-01,1.0
MAINE,2016-10-01,5.0
MAINE,2016-11-01,4.0
MAINE,2016-12-01,6.0
MAINE,2017-01-01,12.0
MAINE,2017-02-01,6.0
MAINE,2017-03-01,8.0
MAINE,2017-04-01,1.0
MAINE,2017-05-01,6.0
MAINE,2017-06-01,5.0
MAINE,2017-07-01,5.0
MAINE,2017-08-01,4.0
MAINE,2017-09-01,3.0
MAINE,2017-10-01,4.0
MAINE,2017-11-01,4.0
MAINE,2017-12-01,4.0
MAINE,2018-01-01,5.0
MAINE,2018-02-01,2.0
MAINE,2018-03-01,5.0
MAINE,2018-04-01,2.0
MAINE,2018-05-01,4.0
MAINE,2018-06-01,4.0
MAINE,2018-07-01,7.0
MAINE,2018-08-01,6.0
MAINE,2018-09-01,0.0
MAINE,2018-10-01,5.0
MAINE,2018-11-01,7.0
MAINE,2018-12-01,5.0
MAINE,2019-01-01,5.0
MAINE,2019-02-01,6.0
MAINE,2019-03-01,10.0
MAINE,2019-04-01,4.0
MAINE,2019-05-01,3.0
MAINE,2019-06-01,4.0
MAINE,2019-07-01,6.0
MAINE,2019-08-01,1.0
MAINE,2019-09-01,4.0
MAINE,2019-10-01,3.0
MAINE,2019-11-01,3.0
MAINE,2019-12-01,7.0
MAINE,2020-01-01,6.0
MAINE,2020-02-01,7.0
MAINE,2020-03-01,3.0
MAINE,2020-04-01,5.0
MAINE,2020-05-01,3.0
MAINE,2020-06-01,6.0
MAINE,2020-07-01,6.0
MAINE,2020-08-01,3.0
MAINE,2020-09-01,8.0
MAINE,2020-10-01,7.0
MAINE,2020-11-01,2.0
MAINE,2020-12-01,3.0
MAINE,2021-01-01,9.0
MAINE,2021-02-01,8.0
MAINE,2021-03-01,3.0
MAINE,2021-04-01,4.0
MAINE,2021-05-01,2.0
MAINE,2021-06-01,2.0
MAINE,2021-07-01,3.0
MAINE,2021-08-01,3.0
MAINE,2021-09-01,1.0
MAINE,2021-10-01,6.0
MAINE,2021-11-01,4.0
MAINE,2021-12-01,7.0
MAINE,2022-01-01,4.0
MAINE,2022-02-01,3.0
MAINE,2022-03-01,7.0
MAINE,2022-04-01,2.0
MAINE,2022-05-01,3.0
MAINE,2022-06-01,5.0
MAINE,2022-07-01,4.0
MAINE,2022-08-01,5.0
MAINE,2022-09-01,2.0
MAINE,2022-10-01,4.0
MAINE,2022-11-01,3.0
MAINE,2022-12-01,5.0
MAINE,2023-01-01,9.0
MAINE,2023-02-01,3.0
MAINE,2023-03-01,1.0
MAINE,2023-04-01,5.0
MAINE,2023-05-01,2.0
MAINE,2023-06-01,4.0
MAINE,2023-07-01,6.0
MAINE,2023-08-01,1.0
MAINE,2023-09-01,8.0
MAINE,2023-10-01,6.0
MAINE,2023-11-01,6.0
MAINE,2023-12-01,4.0
MAINE,2024-01-01,3.0
MAINE,2024-02-01,5.0
MAINE,2024-03-01,2.0
MAINE,2024-04-01,9.0
MAINE,2024-05-01,3.0
MAINE,2024-06-01,4.0
MAINE,2024-07-01,2.0
MAINE,2024-08-01,6.0
MAINE,2024-09-01,10.0
MAINE,2024-10-01,6.0
MAINE,2024-11-01,3.0
MAINE,2024-12-01,3.0
MAINE,2025-01-01,4.0
MAINE,2025-02-01,2.0
MASSACHUSETTS,2015-01-01,29.0
MASSACHUSETTS,2015-02-01,17.0
MASSACHUSETTS,2015-03-01,18.0
MASSACHUSETTS,2015-04-01,8.0
MASSACHUSETTS,2015-05-01,16.0
MASSACHUSETTS,2015-06-01,13.0
MASSACHUSETTS,2015-07-01,21.0
MASSACHUSETTS,2015-08-01,13.0
MASSACHUSETTS,2015-09-01,10.0
MASSACHUSETTS,2015-10-01,15.0
MASSACHUSETTS,2015-11-01,19.0
MASSACHUSETTS,2015-12-01,18.0
MASSACHUSETTS,2016-01-01,16.0
MASSACHUSETTS,2016-02-01,16.0
MASSACHUSETTS,2016-03-01,20.0
MASSACHUSETTS,2016-04-01,12.0
MASSACHUSETTS,2016-05-01,12.0
MASSACHUSETTS,2016-06-01,20.0
MASSACHUSETTS,2016-07-01,24.0
MASSACHUSETTS,2016-08-01,19.0
MASSACHUSETTS,2016-09-01,17.0
MASSACHUSETTS,2016-10-01,14.0
MASSACHUSETTS,2016-11-01,17.0
MASSACHUSETTS,2016-12-01,12.0
MASSACHUSETTS,2017-01-01,15.0
MASSACHUSETTS,2017-02-01,14.0
MASSACHUSETTS,2017-03-01,28.0
MASSACHUSETTS,2017-04-01,21.0
MASSACHUSETTS,2017-05-01,22.0
MASSACHUSETTS,2017-06-01,19.0
MASSACHUSETTS,2017-07-01,15.0
MASSACHUSETTS,2017-08-01,12.0
MASSACHUSETTS,2017-09-01,11.0
MASSACHUSETTS,2017-10-01,18.0
MASSACHUSETTS,2017-11-01,15.0
MASSACHUSETTS,2017-12-01,21.0
MASSACHUSETTS,2018-01-01,22.0
MASSACHUSETTS,2018-02-01,17.0
MASSACHUSETTS,2018-03-01,17.0
MASSACHUSETTS,2018-04-01,14.0
MASSACHUSETTS,2018-05-01,17.0
MASSACHUSETTS,2018-06-01,13.0
MASSACHUSETTS,2018-07-01,18.0
MASSACHUSETTS,2018-08-01,21.0
MASSACHUSETTS,2018-09-01,20.0
MASSACHUSETTS,2018-10-01,14.0
MASSACHUSETTS,2018-11-01,21.0
MASSACHUSETTS,2018-12-01,11.0
MASSACHUSETTS,2019-01-01,17.0
MASSACHUSETTS,2019-02-01,21.0
MASSACHUSETTS,2019-03-01,13.0
MASSACHUSETTS,2019-04-01,19.0
MASSACHUSETTS,2019-05-01,10.0
MASSACHUSETTS,2019-06-01,19.0
MASSACHUSETTS,2019-07-01,16.0
MASSACHUSETTS,2019-08-01,16.0
MASSACHUSETTS,2019-09-01,17.0
MASSACHUSETTS,2019-10-01,20.0
MASSACHUSETTS,2019-11-01,14.0
MASSACHUSETTS,2019-12-01,19.0
MASSACHUSETTS,2020-01-01,15.0
MASSACHUSETTS,2020-02-01,11.0
MASSACHUSETTS,2020-03-01,11.0
MASSACHUSETTS,2020-04-01,9.0
MASSACHUSETTS,2020-05-01,13.0
MASSACHUSETTS,2020-06-01,19.0
MASSACHUSETTS,2020-07-01,22.0
MASSACHUSETTS,2020-08-01,13.0
MASSACHUSETTS,2020-09-01,20.0
MASSACHUSETTS,2020-10-01,16.0
MASSACHUSETTS,2020-11-01,18.0
MASSACHUSETTS,2020-12-01,9.0
MASSACHUSETTS,2021-01-01,14.0
MASSACHUSETTS,2021-02-01,18.0
MASSACHUSETTS,2021-03-01,16.0
MASSACHUSETTS,2021-04-01,18.0
MASSACHUSETTS,2021-05-01,14.0
MASSACHUSETTS,2021-06-01,14.0
MASSACHUSETTS,2021-07-01,17.0
MASSACHUSETTS,2021-08-01,20.0
MASSACHUSETTS,2021-09-01,9.0
MASSACHUSETTS,2021-10-01,15.0
MASSACHUSETTS,2021-11-01,6.0
MASSACHUSETTS,2021-12-01,11.0
MASSACHUSETTS,2022-01-01,16.0
MASSACHUSETTS,2022-02-01,15.0
MASSACHUSETTS,2022-03-01,19.0
MASSACHUSETTS,2022-04-01,14.0
MASSACHUSETTS,2022-05-01,15.0
MASSACHUSETTS,2022-06-01,17.0
MASSACHUSETTS,2022-07-01,20.0
MASSACHUSETTS,2022-08-01,17.0
MASSACHUSETTS,2022-09-01,8.0
MASSACHUSETTS,2022-10-01,15.0
MASSACHUSETTS,2022-11-01,17.0
MASSACHUSETTS,2022-12-01,8.0
MASSACHUSETTS,2023-01-01,10.0
MASSACHUSETTS,2023-02-01,9.0
MASSACHUSETTS,2023-03-01,10.0
MASSACHUSETTS,2023-04-01,9.0
MASSACHUSETTS,2023-05-01,17.0
MASSACHUSETTS,2023-06-01,14.0
MASSACHUSETTS,2023-07-01,13.0
MASSACHUSETTS,2023-08-01,16.0
MASSACHUSETTS,2023-09-01,8.0
MASSACHUSETTS,2023-10-01,11.0
MASSACHUSETTS,2023-11-01,16.0
MASSACHUSETTS,2023-12-01,8.0
MASSACHUSETTS,2024-01-01,9.0
MASSACHUSETTS,2024-02-01,9.0
MASSACHUSETTS,2024-03-01,9.0
MASSACHUSETTS,2024-04-01,7.0
MASSACHUSETTS,2024-05-01,14.0
MASSACHUSETTS,2024-06-01,13.0
MASSACHUSETTS,2024-07-01,23.0
MASSACHUSETTS,2024-08-01,9.0
MASSACHUSETTS,2024-09-01,12.0
MASSACHUSETTS,2024-10-01,8.0
MASSACHUSETTS,2024-11-01,6.0
MASSACHUSETTS,2024-12-01,15.0
MASSACHUSETTS,2025-01-01,14.0
MASSACHUSETTS,2025-02-01,15.0
MISSISSIPPI,2015-01-01,12.0
MISSISSIPPI,2015-02-01,11.0
MISSISSIPPI,2015-03-01,12.0
MISSISSIPPI,2015-04-01,9.0
MISSISSIPPI,2015-05-01,15.0
MISSISSIPPI,2015-06-01,9.0
MISSISSIPPI,2015-07-01,16.0
MISSISSIPPI,2015-08-01,10.0
MISSISSIPPI,2015-09-01,19.0
MISSISSIPPI,2015-10-01,18.0
MISSISSIPPI,2015-11-01,11.0
MISSISSIPPI,2015-12-01,11.0
MISSISSIPPI,2016-01-01,6.0
MISSISSIPPI,2016-02-01,18.0
MISSISSIPPI,2016-03-01,9.0
MISSISSIPPI,2016-04-01,11.0
MISSISSIPPI,2016-05-01,12.0
MISSISSIPPI,2016-06-01,21.0
MISSISSIPPI,2016-07-01,12.0
MISSISSIPPI,2016-08-01,28.0
MISSISSIPPI,2016-09-01,17.0
MISSISSIPPI,2016-10-01,7.0
MISSISSIPPI,2016-11-01,14.0
MISSISSIPPI,2016-12-01,7.0
MISSISSIPPI,2017-01-01,17.0
MISSISSIPPI,2017-02-01,11.0
MISSISSIPPI,2017-03-01,20.0
MISSISSIPPI,2017-04-01,16.0
MISSISSIPPI,2017-05-01,12.0
MISSISSIPPI,2017-06-01,18.0
MISSISSIPPI,2017-07-01,16.0
MISSISSIPPI,2017-08-01,20.0
MISSISSIPPI,2017-09-01,6.0
MISSISSIPPI,2017-10-01,13.0
MISSISSIPPI,2017-11-01,11.0
MISSISSIPPI,2017-12-01,12.0
MISSISSIPPI,2018-01-01,17.0
MISSISSIPPI,2018-02-01,11.0
MISSISSIPPI,2018-03-01,7.0
MISSISSIPPI,2018-04-01,10.0
MISSISSIPPI,2018-05-01,15.0
MISSISSIPPI,2018-06-01,25.0
MISSISSIPPI,2018-07-01,20.0
MISSISSIPPI,2018-08-01,18.0
MISSISSIPPI,2018-09-01,13.0
MISSISSIPPI,2018-10-01,15.0
MISSISSIPPI,2018-11-01,9.0
MISSISSIPPI,2018-12-01,15.0
MISSISSIPPI,2019-01-01,15.0
MISSISSIPPI,2019-02-01,8.0
MISSISSIPPI,2019-03-01,16.0
MISSISSIPPI,2019-04-01,17.0
MISSISSIPPI,2019-05-01,16.0
MISSISSIPPI,2019-06-01,12.0
MISSISSIPPI,2019-07-01,19.0
MISSISSIPPI,2019-08-01,17.0
MISSISSIPPI,2019-09-01,12.0
MISSISSIPPI,2019-10-01,16.0
MISSISSIPPI,2019-11-01,17.0
MISSISSIPPI,2019-12-01,17.0
MISSISSIPPI,2020-01-01,13.0
MISSISSIPPI,2020-02-01,7.0
MISSISSIPPI,2020-03-01,9.0
MISSISSIPPI,2020-04-01,7.0
MISSISSIPPI,2020-05-01,6.0
MISSISSIPPI,2020-06-01,13.0
MISSISSIPPI,2020-07-01,9.0
MISSISSIPPI,2020-08-01,13.0
MISSISSIPPI,2020-09-01,10.0
MISSISSIPPI,2020-10-01,19.0
MISSISSIPPI,2020-11-01,10.0
MISSISSIPPI,2020-12-01,9.0
MISSISSIPPI,2021-01-01,11.0
MISSISSIPPI,2021-02-01,6.0
MISSISSIPPI,2021-03-01,7.0
MISSISSIPPI,2021-04-01,2.0
MISSISSIPPI,2021-05-01,10.0
MISSISSIPPI,2021-06-01,9.0
MISSISSIPPI,2021-07-01,11.0
MISSISSIPPI,2021-08-01,5.0
MISSISSIPPI,2021-09-01,8.0
MISSISSIPPI,2021-10-01,8.0
MISSISSIPPI,2021-11-01,7.0
MISSISSIPPI,2021-12-01,6.0
MISSISSIPPI,2022-01-01,3.0
MISSISSIPPI,2022-02-01,10.0
MISSISSIPPI,2022-03-01,8.0
MISSISSIPPI,2022-04-01,10.0
MISSISSIPPI,2022-05-01,9.0
MISSISSIPPI,2022-06-01,7.0
MISSISSIPPI,2022-07-01,18.0
MISSISSIPPI,2022-08-01,10.0
MISSISSIPPI,2022-09-01,6.0
MISSISSIPPI,2022-10-01,6.0
MISSISSIPPI,2022-11-01,8.0
MISSISSIPPI,2022-12-01,7.0
MISSISSIPPI,2023-01-01,9.0
MISSISSIPPI,2023-02-01,5.0
MISSISSIPPI,2023-03-01,8.0
MISSISSIPPI,2023-04-01,1.0
MISSISSIPPI,2023-05-01,8.0
MISSISSIPPI,2023-06-01,11.0
MISSISSIPPI,2023-07-01,6.0
MISSISSIPPI,2023-08-01,9.0
MISSISSIPPI,2023-09-01,11.0
MISSISSIPPI,2023-10-01,3.0
MISSISSIPPI,2023-11-01,5.0
MISSISSIPPI,2023-12-01,3.0
MISSISSIPPI,2024-01-01,8.0
MISSISSIPPI,2024-02-01,9.0
MISSISSIPPI,2024-03-01,7.0
MISSISSIPPI,2024-04-01,13.0
MISSISSIPPI,2024-05-01,16.0
MISSISSIPPI,2024-06-01,9.0
MISSISSIPPI,2024-07-01,8.0
MISSISSIPPI,2024-08-01,11.0
MISSISSIPPI,2024-09-01,8.0
MISSISSIPPI,2024-10-01,11.0
MISSISSIPPI,2024-11-01,11.0
MISSISSIPPI,2024-12-01,4.0
MISSISSIPPI,2025-01-01,16.0
MISSISSIPPI,2025-02-01,3.0
MISSOURI,2015-01-01,19.0
MISSOURI,2015-02-01,18.0
MISSOURI,2015-03-01,12.0
MISSOURI,2015-04-01,14.0
MISSOURI,2015-05-01,22.0
MISSOURI,2015-06-01,22.0
MISSOURI,2015-07-01,28.0
MISSOURI,2015-08-01,26.0
MISSOURI,2015-09-01,25.0
MISSOURI,2015-10-01,22.0
MISSOURI,2015-11-01,23.0
MISSOURI,2015-12-01,18.0
MISSOURI,2016-01-01,19.0
MISSOURI,2016-02-01,20.0
MISSOURI,2016-03-01,18.0
MISSOURI,2016-04-01,19.0
MISSOURI,2016-05-01,12.0
MISSOURI,2016-06-01,28.0
MISSOURI,2016-07-01,20.0
MISSOURI,2016-08-01,28.0
MISSOURI,2016-09-01,22.0
MISSOURI,2016-10-01,18.0
MISSOURI,2016-11-01,22.0
MISSOURI,2016-12-01,26.0
MISSOURI,2017-01-01,24.0
MISSOURI,2017-02-01,22.0
MISSOURI,2017-03-01,18.0
MISSOURI,2017-04-01,13.0
MISSOURI,2017-05-01,24.0
MISSOURI,2017-06-01,19.0
MISSOURI,2017-07-01,21.0
MISSOURI,2017-08-01,25.0
MISSOURI,2017-09-01,13.0
MISSOURI,2017-10-01,11.0
MISSOURI,2017-11-01,14.0
MISSOURI,2017-12-01,22.0
MISSOURI,2018-01-01,22.0
MISSOURI,2018-02-01,13.0
MISSOURI,2018-03-01,16.0
MISSOURI,2018-04-01,19.0
MISSOURI,2018-05-01,23.0
MISSOURI,2018-06-01,22.0
MISSOURI,2018-07-01,23.0
MISSOURI,2018-08-01,32.0
MISSOURI,2018-09-01,17.0
MISSOURI,2018-10-01,16.0
MISSOURI,2018-11-01,26.0
MISSOURI,2018-12-01,17.0
MISSOURI,2019-01-01,26.0
MISSOURI,2019-02-01,29.0
MISSOURI,2019-03-01,24.0
MISSOURI,2019-04-01,14.0
MISSOURI,2019-05-01,22.0
MISSOURI,2019-06-01,26.0
MISSOURI,2019-07-01,27.0
MISSOURI,2019-08-01,33.0
MISSOURI,2019-09-01,17.0
MISSOURI,2019-10-01,21.0
MISSOURI,2019-11-01,26.0
MISSOURI,2019-12-01,25.0
MISSOURI,2020-01-01,26.0
MISSOURI,2020-02-01,22.0
MISSOURI,2020-03-01,20.0
MISSOURI,2020-04-01,17.0
MISSOURI,2020-05-01,10.0
MISSOURI,2020-06-01,11.0
MISSOURI,2020-07-01,23.0
MISSOURI,2020-08-01,16.0
MISSOURI,2020-09-01,16.0
MISSOURI,2020-10-01,13.0
MISSOURI,2020-11-01,12.0
MISSOURI,2020-12-01,13.0
MISSOURI,2021-01-01,17.0
MISSOURI,2021-02-01,20.0
MISSOURI,2021-03-01,11.0
MISSOURI,2021-04-01,11.0
MISSOURI,2021-05-01,17.0
MISSOURI,2021-06-01,13.0
MISSOURI,2021-07-01,13.0
MISSOURI,2021-08-01,17.0
MISSOURI,2021-09-01,8.0
MISSOURI,2021-10-01,19.0
MISSOURI,2021-11-01,19.0
MISSOURI,2021-12-01,17.0
MISSOURI,2022-01-01,18.0
MISSOURI,2022-02-01,20.0
MISSOURI,2022-03-01,15.0
MISSOURI,2022-04-01,13.0
MISSOURI,2022-05-01,21.0
MISSOURI,2022-06-01,15.0
MISSOURI,2022-07-01,33.0
MISSOURI,2022-08-01,17.0
MISSOURI,2022-09-01,13.0
MISSOURI,2022-10-01,11.0
MISSOURI,2022-11-01,20.0
MISSOURI,2022-12-01,26.0
MISSOURI,2023-01-01,18.0
MISSOURI,2023-02-01,19.0
MISSOURI,2023-03-01,16.0
MISSOURI,2023-04-01,23.0
MISSOURI,2023-05-01,21.0
MISSOURI,2023-06-01,18.0
MISSOURI,2023-07-01,23.0
MISSOURI,2023-08-01,21.0
MISSOURI,2023-09-01,19.0
MISSOURI,2023-10-01,10.0
MISSOURI,2023-11-01,18.0
MISSOURI,2023-12-01,13.0
MISSOURI,2024-01-01,34.0
MISSOURI,2024-02-01,16.0
MISSOURI,2024-03-01,18.0
MISSOURI,2024-04-01,18.0
MISSOURI,2024-05-01,15.0
MISSOURI,2024-06-01,21.0
MISSOURI,2024-07-01,17.0
MISSOURI,2024-08-01,18.0
MISSOURI,2024-09-01,15.0
MISSOURI,2024-10-01,17.0
MISSOURI,2024-11-01,16.0
MISSOURI,2024-12-01,22.0
MISSOURI,2025-01-01,30.0
MISSOURI,2025-02-01,10.0
MONTANA,2015-01-01,1.0
MONTANA,2015-02-01,2.0
MONTANA,2015-03-01,6.0
MONTANA,2015-04-01,2.0
MONTANA,2015-05-01,3.0
MONTANA,2015-06-01,4.0
MONTANA,2015-07-01,3.0
MONTANA,2015-08-01,3.0
MONTANA,2015-09-01,2.0
MONTANA,2015-10-01,2.0
MONTANA,2015-11-01,0.0
MONTANA,2015-12-01,5.0
MONTANA,2016-01-01,5.0
MONTANA,2016-02-01,4.0
MONTANA,2016-03-01,2.0
MONTANA,2016-04-01,5.0
MONTANA,2016-05-01,6.0
MONTANA,2016-06-01,6.0
MONTANA,2016-07-01,3.0
MONTANA,2016-08-01,5.0
MONTANA,2016-09-01,2.0
MONTANA,2016-10-01,4.0
MONTANA,2016-11-01,3.0
MONTANA,2016-12-01,3.0
MONTANA,2017-01-01,5.0
MONTANA,2017-02-01,5.0
MONTANA,2017-03-01,2.0
MONTANA,2017-04-01,4.0
MONTANA,2017-05-01,4.0
MONTANA,2017-06-01,2.0
MONTANA,2017-07-01,4.0
MONTANA,2017-08-01,5.0
MONTANA,2017-09-01,3.0
MONTANA,2017-10-01,2.0
MONTANA,2017-11-01,7.0
MONTANA,2017-12-01,4.0
MONTANA,2018-01-01,1.0
MONTANA,2018-02-01,5.0
MONTANA,2018-03-01,6.0
MONTANA,2018-04-01,4.0
MONTANA,2018-05-01,0.0
MONTANA,2018-06-01,3.0
MONTANA,2018-07-01,5.0
MONTANA,2018-08-01,2.0
MONTANA,2018-09-01,1.0
MONTANA,2018-10-01,6.0
MONTANA,2018-11-01,3.0
MONTANA,2018-12-01,3.0
MONTANA,2019-01-01,3.0
MONTANA,2019-02-01,5.0
MONTANA,2019-03-01,3.0
MONTANA,2019-04-01,6.0
MONTANA,2019-05-01,6.0
MONTANA,2019-06-01,3.0
MONTANA,2019-07-01,3.0
MONTANA,2019-08-01,7.0
MONTANA,2019-09-01,2.0
MONTANA,2019-10-01,1.0
MONTANA,2019-11-01,8.0
MONTANA,2019-12-01,7.0
MONTANA,2020-01-01,4.0
MONTANA,2020-02-01,4.0
MONTANA,2020-03-01,2.0
MONTANA,2020-04-01,4.0
MONTANA,2020-05-01,5.0
MONTANA,2020-06-01,1.0
MONTANA,2020-07-01,6.0
MONTANA,2020-08-01,5.0
MONTANA,2020-09-01,6.0
MONTANA,2020-10-01,3.0
MONTANA,2020-11-01,1.0
MONTANA,2020-12-01,0.0
MONTANA,2021-01-01,4.0
MONTANA,2021-02-01,1.0
MONTANA,2021-03-01,1.0
MONTANA,2021-04-01,6.0
MONTANA,2021-05-01,1.0
MONTANA,2021-06-01,3.0
MONTANA,2021-07-01,12.0
MONTANA,2021-08-01,4.0
MONTANA,2021-09-01,3.0
MONTANA,2021-10-01,0.0
MONTANA,2021-11-01,1.0
MONTANA,2021-12-01,2.0
MONTANA,2022-01-01,3.0
MONTANA,2022-02-01,2.0
MONTANA,2022-03-01,2.0
MONTANA,2022-04-01,2.0
MONTANA,2022-05-01,2.0
MONTANA,2022-06-01,0.0
MONTANA,2022-07-01,1.0
MONTANA,2022-08-01,4.0
MONTANA,2022-09-01,4.0
MONTANA,2022-10-01,4.0
MONTANA,2022-11-01,6.0
MONTANA,2022-12-01,1.0
MONTANA,2023-01-01,3.0
MONTANA,2023-02-01,3.0
MONTANA,2023-03-01,4.0
MONTANA,2023-04-01,3.0
MONTANA,2023-05-01,2.0
MONTANA,2023-06-01,3.0
MONTANA,2023-07-01,5.0
MONTANA,2023-08-01,7.0
MONTANA,2023-09-01,1.0
MONTANA,2023-10-01,2.0
MONTANA,2023-11-01,1.0
MONTANA,2023-12-01,1.0
MONTANA,2024-01-01,3.0
MONTANA,2024-02-01,4.0
MONTANA,2024-03-01,4.0
MONTANA,2024-04-01,2.0
MONTANA,2024-05-01,1.0
MONTANA,2024-06-01,5.0
MONTANA,2024-07-01,6.0
MONTANA,2024-08-01,4.0
MONTANA,2024-09-01,4.0
MONTANA,2024-10-01,2.0
MONTANA,2024-11-01,5.0
MONTANA,2024-12-01,2.0
MONTANA,2025-01-01,2.0
MONTANA,2025-02-01,5.0
NEBRASKA,2015-01-01,14.0
NEBRASKA,2015-02-01,11.0
NEBRASKA,2015-03-01,6.0
NEBRASKA,2015-04-01,5.0
NEBRASKA,2015-05-01,6.0
NEBRASKA,2015-06-01,7.0
NEBRASKA,2015-07-01,8.0
NEBRASKA,2015-08-01,13.0
NEBRASKA,2015-09-01,12.0
NEBRASKA,2015-10-01,7.0
NEBRASKA,2015-11-01,11.0
NEBRASKA,2015-12-01,11.0
NEBRASKA,2016-01-01,11.0
NEBRASKA,2016-02-01,12.0
NEBRASKA,2016-03-01,11.0
NEBRASKA,2016-04-01,10.0
NEBRASKA,2016-05-01,8.0
NEBRASKA,2016-06-01,11.0
NEBRASKA,2016-07-01,20.0
NEBRASKA,2016-08-01,18.0
NEBRASKA,2016-09-01,12.0
NEBRASKA,2016-10-01,7.0
NEBRASKA,2016-11-01,7.0
NEBRASKA,2016-12-01,13.0
NEBRASKA,2017-01-01,12.0
NEBRASKA,2017-02-01,9.0
NEBRASKA,2017-03-01,11.0
NEBRASKA,2017-04-01,9.0
NEBRASKA,2017-05-01,15.0
NEBRASKA,2017-06-01,14.0
NEBRASKA,2017-07-01,8.0
NEBRASKA,2017-08-01,9.0
NEBRASKA,2017-09-01,6.0
NEBRASKA,2017-10-01,10.0
NEBRASKA,2017-11-01,9.0
NEBRASKA,2017-12-01,14.0
NEBRASKA,2018-01-01,20.0
NEBRASKA,2018-02-01,18.0
NEBRASKA,2018-03-01,7.0
NEBRASKA,2018-04-01,13.0
NEBRASKA,2018-05-01,10.0
NEBRASKA,2018-06-01,7.0
NEBRASKA,2018-07-01,10.0
NEBRASKA,2018-08-01,11.0
NEBRASKA,2018-09-01,7.0
NEBRASKA,2018-10-01,17.0
NEBRASKA,2018-11-01,11.0
NEBRASKA,2018-12-01,9.0
NEBRASKA,2019-01-01,11.0
NEBRASKA,2019-02-01,16.0
NEBRASKA,2019-03-01,13.0
NEBRASKA,2019-04-01,8.0
NEBRASKA,2019-05-01,9.0
NEBRASKA,2019-06-01,11.0
NEBRASKA,2019-07-01,11.0
NEBRASKA,2019-08-01,12.0
NEBRASKA,2019-09-01,17.0
NEBRASKA,2019-10-01,21.0
NEBRASKA,2019-11-01,11.0
NEBRASKA,2019-12-01,6.0
NEBRASKA,2020-01-01,18.0
NEBRASKA,2020-02-01,15.0
NEBRASKA,2020-03-01,10.0
NEBRASKA,2020-04-01,14.0
NEBRASKA,2020-05-01,7.0
NEBRASKA,2020-06-01,10.0
NEBRASKA,2020-07-01,7.0
NEBRASKA,2020-08-01,16.0
NEBRASKA,2020-09-01,14.0
NEBRASKA,2020-10-01,10.0
NEBRASKA,2020-11-01,10.0
NEBRASKA,2020-12-01,13.0
NEBRASKA,2021-01-01,5.0
NEBRASKA,2021-02-01,12.0
NEBRASKA,2021-03-01,8.0
NEBRASKA,2021-04-01,13.0
NEBRASKA,2021-05-01,10.0
NEBRASKA,2021-06-01,7.0
NEBRASKA,2021-07-01,9.0
NEBRASKA,2021-08-01,16.0
NEBRASKA,2021-09-01,14.0
NEBRASKA,2021-10-01,13.0
NEBRASKA,2021-11-01,3.0
NEBRASKA,2021-12-01,7.0
NEBRASKA,2022-01-01,7.0
NEBRASKA,2022-02-01,11.0
NEBRASKA,2022-03-01,14.0
NEBRASKA,2022-04-01,9.0
NEBRASKA,2022-05-01,5.0
NEBRASKA,2022-06-01,13.0
NEBRASKA,2022-07-01,10.0
NEBRASKA,2022-08-01,8.0
NEBRASKA,2022-09-01,4.0
NEBRASKA,2022-10-01,14.0
NEBRASKA,2022-11-01,11.0
NEBRASKA,2022-12-01,9.0
NEBRASKA,2023-01-01,16.0
NEBRASKA,2023-02-01,6.0
NEBRASKA,2023-03-01,7.0
NEBRASKA,2023-04-01,10.0
NEBRASKA,2023-05-01,5.0
NEBRASKA,2023-06-01,14.0
NEBRASKA,2023-07-01,10.0
NEBRASKA,2023-08-01,10.0
NEBRASKA,2023-09-01,8.0
NEBRASKA,2023-10-01,10.0
NEBRASKA,2023-11-01,6.0
NEBRASKA,2023-12-01,7.0
NEBRASKA,2024-01-01,11.0
NEBRASKA,2024-02-01,8.0
NEBRASKA,2024-03-01,11.0
NEBRASKA,2024-04-01,9.0
NEBRASKA,2024-05-01,14.0
NEBRASKA,2024-06-01,8.0
NEBRASKA,2024-07-01,8.0
NEBRASKA,2024-08-01,15.0
NEBRASKA,2024-09-01,12.0
NEBRASKA,2024-10-01,7.0
NEBRASKA,2024-11-01,7.0
NEBRASKA,2024-12-01,11.0
NEBRASKA,2025-01-01,8.0
NEBRASKA,2025-02-01,6.0
NEW HAMPSHIRE,2015-01-01,5.0
NEW HAMPSHIRE,2015-02-01,8.0
NEW HAMPSHIRE,2015-03-01,4.0
NEW HAMPSHIRE,2015-04-01,5.0
NEW HAMPSHIRE,2015-05-01,2.0
NEW HAMPSHIRE,2015-06-01,1.0
NEW HAMPSHIRE,2015-07-01,2.0
NEW HAMPSHIRE,2015-08-01,1.0
NEW HAMPSHIRE,2015-09-01,1.0
NEW HAMPSHIRE,2015-10-01,5.0
NEW HAMPSHIRE,2015-11-01,1.0
NEW HAMPSHIRE,2015-12-01,3.0
NEW HAMPSHIRE,2016-01-01,7.0
NEW HAMPSHIRE,2016-02-01,1.0
NEW HAMPSHIRE,2016-03-01,8.0
NEW HAMPSHIRE,2016-04-01,1.0
NEW HAMPSHIRE,2016-05-01,1.0
NEW HAMPSHIRE,2016-06-01,1.0
NEW HAMPSHIRE,2016-07-01,4.0
NEW HAMPSHIRE,2016-08-01,2.0
NEW HAMPSHIRE,2016-09-01,2.0
NEW HAMPSHIRE,2016-10-01,5.0
NEW HAMPSHIRE,2016-11-01,5.0
NEW HAMPSHIRE,2016-12-01,4.0
NEW HAMPSHIRE,2017-01-01,6.0
NEW HAMPSHIRE,2017-02-01,9.0
NEW HAMPSHIRE,2017-03-01,5.0
NEW HAMPSHIRE,2017-04-01,1.0
NEW HAMPSHIRE,2017-05-01,3.0
NEW HAMPSHIRE,2017-06-01,5.0
NEW HAMPSHIRE,2017-07-01,1.0
NEW HAMPSHIRE,2017-08-01,3.0
NEW HAMPSHIRE,2017-09-01,2.0
NEW HAMPSHIRE,2017-10-01,5.0
NEW HAMPSHIRE,2017-11-01,2.0
NEW HAMPSHIRE,2017-12-01,2.0
NEW HAMPSHIRE,2018-01-01,3.0
NEW HAMPSHIRE,2018-02-01,4.0
NEW HAMPSHIRE,2018-03-01,3.0
NEW HAMPSHIRE,2018-04-01,6.0
NEW HAMPSHIRE,2018-05-01,4.0
NEW HAMPSHIRE,2018-06-01,7.0
NEW HAMPSHIRE,2018-07-01,5.0
NEW HAMPSHIRE,2018-08-01,4.0
NEW HAMPSHIRE,2018-09-01,8.0
NEW HAMPSHIRE,2018-10-01,3.0
NEW HAMPSHIRE,2018-11-01,6.0
NEW HAMPSHIRE,2018-12-01,10.0
NEW HAMPSHIRE,2019-01-01,5.0
NEW HAMPSHIRE,2019-02-01,5.0
NEW HAMPSHIRE,2019-03-01,5.0
NEW HAMPSHIRE,2019-04-01,1.0
NEW HAMPSHIRE,2019-05-01,5.0
NEW HAMPSHIRE,2019-06-01,3.0
NEW HAMPSHIRE,2019-07-01,6.0
NEW HAMPSHIRE,2019-08-01,4.0
NEW HAMPSHIRE,2019-09-01,5.0
NEW HAMPSHIRE,2019-10-01,8.0
NEW HAMPSHIRE,2019-11-01,2.0
NEW HAMPSHIRE,2019-12-01,6.0
NEW HAMPSHIRE,2020-01-01,3.0
NEW HAMPSHIRE,2020-02-01,5.0
NEW HAMPSHIRE,2020-03-01,2.0
NEW HAMPSHIRE,2020-04-01,3.0
NEW HAMPSHIRE,2020-05-01,5.0
NEW HAMPSHIRE,2020-06-01,6.0
NEW HAMPSHIRE,2020-07-01,1.0
NEW HAMPSHIRE,2020-08-01,3.0
NEW HAMPSHIRE,2020-09-01,2.0
NEW HAMPSHIRE,2020-10-01,8.0
NEW HAMPSHIRE,2020-11-01,7.0
NEW HAMPSHIRE,2020-12-01,6.0
NEW HAMPSHIRE,2021-01-01,3.0
NEW HAMPSHIRE,2021-02-01,10.0
NEW HAMPSHIRE,2021-03-01,8.0
NEW HAMPSHIRE,2021-04-01,6.0
NEW HAMPSHIRE,2021-05-01,6.0
NEW HAMPSHIRE,2021-06-01,6.0
NEW HAMPSHIRE,2021-07-01,3.0
NEW HAMPSHIRE,2021-08-01,9.0
NEW HAMPSHIRE,2021-09-01,7.0
NEW HAMPSHIRE,2021-10-01,4.0
NEW HAMPSHIRE,2021-11-01,4.0
NEW HAMPSHIRE,2021-12-01,2.0
NEW HAMPSHIRE,2022-01-01,3.0
NEW HAMPSHIRE,2022-02-01,6.0
NEW HAMPSHIRE,2022-03-01,1.0
NEW HAMPSHIRE,2022-04-01,3.0
NEW HAMPSHIRE,2022-05-01,1.0
NEW HAMPSHIRE,2022-06-01,3.0
NEW HAMPSHIRE,2022-07-01,3.0
NEW HAMPSHIRE,2022-08-01,7.0
NEW HAMPSHIRE,2022-09-01,4.0
NEW HAMPSHIRE,2022-10-01,5.0
NEW HAMPSHIRE,2022-11-01,5.0
NEW HAMPSHIRE,2022-12-01,0.0
NEW HAMPSHIRE,2023-01-01,3.0
NEW HAMPSHIRE,2023-02-01,2.0
NEW HAMPSHIRE,2023-03-01,3.0
NEW HAMPSHIRE,2023-04-01,5.0
NEW HAMPSHIRE,2023-05-01,1.0
NEW HAMPSHIRE,2023-06-01,2.0
NEW HAMPSHIRE,2023-07-01,7.0
NEW HAMPSHIRE,2023-08-01,1.0
NEW HAMPSHIRE,2023-09-01,3.0
NEW HAMPSHIRE,2023-10-01,6.0
NEW HAMPSHIRE,2023-11-01,5.0
NEW HAMPSHIRE,2023-12-01,1.0
NEW HAMPSHIRE,2024-01-01,5.0
NEW HAMPSHIRE,2024-02-01,4.0
NEW HAMPSHIRE,2024-03-01,3.0
NEW HAMPSHIRE,2024-04-01,2.0
NEW HAMPSHIRE,2024-05-01,7.0
NEW HAMPSHIRE,2024-06-01,0.0
NEW HAMPSHIRE,2024-07-01,4.0
NEW HAMPSHIRE,2024-08-01,1.0
NEW HAMPSHIRE,2024-09-01,1.0
NEW HAMPSHIRE,2024-10-01,2.0
NEW HAMPSHIRE,2024-11-01,5.0
NEW HAMPSHIRE,2024-12-01,9.0
NEW HAMPSHIRE,2025-01-01,6.0
NEW HAMPSHIRE,2025-02-01,7.0
NEW JERSEY,2015-01-01,32.0
NEW JERSEY,2015-02-01,17.0
NEW JERSEY,2015-03-01,21.0
NEW JERSEY,2015-04-01,17.0
NEW JERSEY,2015-05-01,17.0
NEW JERSEY,2015-06-01,29.0
NEW JERSEY,2015-07-01,29.0
NEW JERSEY,2015-08-01,20.0
NEW JERSEY,2015-09-01,22.0
NEW JERSEY,2015-10-01,14.0
NEW JERSEY,2015-11-01,11.0
NEW JERSEY,2015-12-01,20.0
NEW JERSEY,2016-01-01,21.0
NEW JERSEY,2016-02-01,14.0
NEW JERSEY,2016-03-01,15.0
NEW JERSEY,2016-04-01,13.0
NEW JERSEY,2016-05-01,19.0
NEW JERSEY,2016-06-01,25.0
NEW JERSEY,2016-07-01,23.0
NEW JERSEY,2016-08-01,26.0
NEW JERSEY,2016-09-01,15.0
NEW JERSEY,2016-10-01,15.0
NEW JERSEY,2016-11-01,14.0
NEW JERSEY,2016-12-01,15.0
NEW JERSEY,2017-01-01,20.0
NEW JERSEY,2017-02-01,24.0
NEW JERSEY,2017-03-01,12.0
NEW JERSEY,2017-04-01,17.0
NEW JERSEY,2017-05-01,11.0
NEW JERSEY,2017-06-01,15.0
NEW JERSEY,2017-07-01,14.0
NEW JERSEY,2017-08-01,26.0
NEW JERSEY,2017-09-01,13.0
NEW JERSEY,2017-10-01,18.0
NEW JERSEY,2017-11-01,15.0
NEW JERSEY,2017-12-01,23.0
NEW JERSEY,2018-01-01,21.0
NEW JERSEY,2018-02-01,22.0
NEW JERSEY,2018-03-01,19.0
NEW JERSEY,2018-04-01,13.0
NEW JERSEY,2018-05-01,18.0
NEW JERSEY,2018-06-01,20.0
NEW JERSEY,2018-07-01,25.0
NEW JERSEY,2018-08-01,28.0
NEW JERSEY,2018-09-01,21.0
NEW JERSEY,2018-10-01,21.0
NEW JERSEY,2018-11-01,21.0
NEW JERSEY,2018-12-01,18.0
NEW JERSEY,2019-01-01,23.0
NEW JERSEY,2019-02-01,21.0
NEW JERSEY,2019-03-01,20.0
NEW JERSEY,2019-04-01,18.0
NEW JERSEY,2019-05-01,28.0
NEW JERSEY,2019-06-01,20.0
NEW JERSEY,2019-07-01,21.0
NEW JERSEY,2019-08-01,25.0
NEW JERSEY,2019-09-01,23.0
NEW JERSEY,2019-10-01,25.0
NEW JERSEY,2019-11-01,15.0
NEW JERSEY,2019-12-01,18.0
NEW JERSEY,2020-01-01,15.0
NEW JERSEY,2020-02-01,22.0
NEW JERSEY,2020-03-01,23.0
NEW JERSEY,2020-04-01,13.0
NEW JERSEY,2020-05-01,9.0
NEW JERSEY,2020-06-01,17.0
NEW JERSEY,2020-07-01,23.0
NEW JERSEY,2020-08-01,22.0
NEW JERSEY,2020-09-01,23.0
NEW JERSEY,2020-10-01,14.0
NEW JERSEY,2020-11-01,13.0
NEW JERSEY,2020-12-01,18.0
NEW JERSEY,2021-01-01,16.0
NEW JERSEY,2021-02-01,14.0
NEW JERSEY,2021-03-01,22.0
NEW JERSEY,2021-04-01,7.0
NEW JERSEY,2021-05-01,14.0
NEW JERSEY,2021-06-01,21.0
NEW JERSEY,2021-07-01,21.0
NEW JERSEY,2021-08-01,13.0
NEW JERSEY,2021-09-01,19.0
NEW JERSEY,2021-10-01,24.0
NEW JERSEY,2021-11-01,17.0
NEW JERSEY,2021-12-01,7.0
NEW JERSEY,2022-01-01,14.0
NEW JERSEY,2022-02-01,27.0
NEW JERSEY,2022-03-01,20.0
NEW JERSEY,2022-04-01,25.0
NEW JERSEY,2022-05-01,17.0
NEW JERSEY,2022-06-01,19.0
NEW JERSEY,2022-07-01,18.0
NEW JERSEY,2022-08-01,18.0
NEW JERSEY,2022-09-01,18.0
NEW JERSEY,2022-10-01,17.0
NEW JERSEY,2022-11-01,26.0
NEW JERSEY,2022-12-01,15.0
NEW JERSEY,2023-01-01,25.0
NEW JERSEY,2023-02-01,14.0
NEW JERSEY,2023-03-01,21.0
NEW JERSEY,2023-04-01,18.0
NEW JERSEY,2023-05-01,10.0
NEW JERSEY,2023-06-01,24.0
NEW JERSEY,2023-07-01,15.0
NEW JERSEY,2023-08-01,28.0
NEW JERSEY,2023-09-01,17.0
NEW JERSEY,2023-10-01,21.0
NEW JERSEY,2023-11-01,17.0
NEW JERSEY,2023-12-01,9.0
NEW JERSEY,2024-01-01,14.0
NEW JERSEY,2024-02-01,9.0
NEW JERSEY,2024-03-01,9.0
NEW JERSEY,2024-04-01,12.0
NEW JERSEY,2024-05-01,27.0
NEW JERSEY,2024-06-01,15.0
NEW JERSEY,2024-07-01,13.0
NEW JERSEY,2024-08-01,19.0
NEW JERSEY,2024-09-01,13.0
NEW JERSEY,2024-10-01,15.0
NEW JERSEY,2024-11-01,20.0
NEW JERSEY,2024-12-01,14.0
NEW JERSEY,2025-01-01,23.0
NEW JERSEY,2025-02-01,12.0
NEW YORK,2015-01-01,31.0
NEW YORK,2015-02-01,47.0
NEW YORK,2015-03-01,56.0
NEW YORK,2015-04-01,32.0
NEW YORK,2015-05-01,37.0
NEW YORK,2015-06-01,37.0
NEW YORK,2015-07-01,33.0
NEW YORK,2015-08-01,32.0
NEW YORK,2015-09-01,40.0
NEW YORK,2015-10-01,31.0
NEW YORK,2015-11-01,29.0
NEW YORK,2015-12-01,31.0
NEW YORK,2016-01-01,34.0
NEW YORK,2016-02-01,27.0
NEW YORK,2016-03-01,43.0
NEW YORK,2016-04-01,38.0
NEW YORK,2016-05-01,45.0
NEW YORK,2016-06-01,35.0
NEW YORK,2016-07-01,33.0
NEW YORK,2016-08-01,33.0
NEW YORK,2016-09-01,32.0
NEW YORK,2016-10-01,32.0
NEW YORK,2016-11-01,30.0
NEW YORK,2016-12-01,32.0
NEW YORK,2017-01-01,35.0
NEW YORK,2017-02-01,35.0
NEW YORK,2017-03-01,31.0
NEW YORK,2017-04-01,37.0
NEW YORK,2017-05-01,38.0
NEW YORK,2017-06-01,49.0
NEW YORK,2017-07-01,43.0
NEW YORK,2017-08-01,46.0
NEW YORK,2017-09-01,36.0
NEW YORK,2017-10-01,36.0
NEW YORK,2017-11-01,31.0
NEW YORK,2017-12-01,36.0
NEW YORK,2018-01-01,43.0
NEW YORK,2018-02-01,33.0
NEW YORK,2018-03-01,34.0
NEW YORK,2018-04-01,39.0
NEW YORK,2018-05-01,50.0
NEW YORK,2018-06-01,36.0
NEW YORK,2018-07-01,39.0
NEW YORK,2018-08-01,44.0
NEW YORK,2018-09-01,32.0
NEW YORK,2018-10-01,51.0
NEW YORK,2018-11-01,41.0
NEW YORK,2018-12-01,45.0
NEW YORK,2019-01-01,55.0
NEW YORK,2019-02-01,36.0
NEW YORK,2019-03-01,42.0
NEW YORK,2019-04-01,31.0
NEW YORK,2019-05-01,52.0
NEW YORK,2019-06-01,36.0
NEW YORK,2019-07-01,36.0
NEW YORK,2019-08-01,41.0
NEW YORK,2019-09-01,36.0
NEW YORK,2019-10-01,36.0
NEW YORK,2019-11-01,37.0
NEW YORK,2019-12-01,36.0
NEW YORK,2020-01-01,41.0
NEW YORK,2020-02-01,30.0
NEW YORK,2020-03-01,30.0
NEW YORK,2020-04-01,18.0
NEW YORK,2020-05-01,24.0
NEW YORK,2020-06-01,38.0
NEW YORK,2020-07-01,40.0
NEW YORK,2020-08-01,35.0
NEW YORK,2020-09-01,29.0
NEW YORK,2020-10-01,32.0
NEW YORK,2020-11-01,28.0
NEW YORK,2020-12-01,42.0
NEW YORK,2021-01-01,25.0
NEW YORK,2021-02-01,27.0
NEW YORK,2021-03-01,31.0
NEW YORK,2021-04-01,35.0
NEW YORK,2021-05-01,22.0
NEW YORK,2021-06-01,40.0
NEW YORK,2021-07-01,30.0
NEW YORK,2021-08-01,27.0
NEW YORK,2021-09-01,33.0
NEW YORK,2021-10-01,27.0
NEW YORK,2021-11-01,26.0
NEW YORK,2021-12-01,29.0
NEW YORK,2022-01-01,28.0
NEW YORK,2022-02-01,41.0
NEW YORK,2022-03-01,32.0
NEW YORK,2022-04-01,42.0
NEW YORK,2022-05-01,32.0
NEW YORK,2022-06-01,34.0
NEW YORK,2022-07-01,29.0
NEW YORK,2022-08-01,37.0
NEW YORK,2022-09-01,20.0
NEW YORK,2022-10-01,34.0
NEW YORK,2022-11-01,27.0
NEW YORK,2022-12-01,26.0
NEW YORK,2023-01-01,38.0
NEW YORK,2023-02-01,31.0
NEW YORK,2023-03-01,36.0
NEW YORK,2023-04-01,34.0
NEW YORK,2023-05-01,31.0
NEW YORK,2023-06-01,37.0
NEW YORK,2023-07-01,39.0
NEW YORK,2023-08-01,33.0
NEW YORK,2023-09-01,28.0
NEW YORK,2023-10-01,30.0
NEW YORK,2023-11-01,26.0
NEW YORK,2023-12-01,20.0
NEW YORK,2024-01-01,29.0
NEW YORK,2024-02-01,29.0
NEW YORK,2024-03-01,26.0
NEW YORK,2024-04-01,27.0
NEW YORK,2024-05-01,23.0
NEW YORK,2024-06-01,35.0
NEW YORK,2024-07-01,38.0
NEW YORK,2024-08-01,34.0
NEW YORK,2024-09-01,35.0
NEW YORK,2024-10-01,39.0
NEW YORK,2024-11-01,24.0
NEW YORK,2024-12-01,23.0
NEW YORK,2025-01-01,36.0
NEW YORK,2025-02-01,45.0
NORTH DAKOTA,2015-01-01,18.0
NORTH DAKOTA,2015-02-01,7.0
NORTH DAKOTA,2015-03-01,10.0
NORTH DAKOTA,2015-04-01,9.0
NORTH DAKOTA,2015-05-01,8.0
NORTH DAKOTA,2015-06-01,4.0
NORTH DAKOTA,2015-07-01,7.0
NORTH DAKOTA,2015-08-01,7.0
NORTH DAKOTA,2015-09-01,10.0
NORTH DAKOTA,2015-10-01,6.0
NORTH DAKOTA,2015-11-01,2.0
NORTH DAKOTA,2015-12-01,8.0
NORTH DAKOTA,2016-01-01,9.0
NORTH DAKOTA,2016-02-01,10.0
NORTH DAKOTA,2016-03-01,2.0
NORTH DAKOTA,2016-04-01,4.0
NORTH DAKOTA,2016-05-01,1.0
NORTH DAKOTA,2016-06-01,7.0
NORTH DAKOTA,2016-07-01,6.0
NORTH DAKOTA,2016-08-01,4.0
NORTH DAKOTA,2016-09-01,3.0
NORTH DAKOTA,2016-10-01,7.0
NORTH DAKOTA,2016-11-01,6.0
NORTH DAKOTA,2016-12-01,5.0
NORTH DAKOTA,2017-01-01,6.0
NORTH DAKOTA,2017-02-01,5.0
NORTH DAKOTA,2017-03-01,9.0
NORTH DAKOTA,2017-04-01,6.0
NORTH DAKOTA,2017-05-01,3.0
NORTH DAKOTA,2017-06-01,9.0
NORTH DAKOTA,2017-07-01,5.0
NORTH DAKOTA,2017-08-01,6.0
NORTH DAKOTA,2017-09-01,5.0
NORTH DAKOTA,2017-10-01,10.0
NORTH DAKOTA,2017-11-01,4.0
NORTH DAKOTA,2017-12-01,9.0
NORTH DAKOTA,2018-01-01,8.0
NORTH DAKOTA,2018-02-01,8.0
NORTH DAKOTA,2018-03-01,7.0
NORTH DAKOTA,2018-04-01,9.0
NORTH DAKOTA,2018-05-01,6.0
NORTH DAKOTA,2018-06-01,6.0
NORTH DAKOTA,2018-07-01,6.0
NORTH DAKOTA,2018-08-01,4.0
NORTH DAKOTA,2018-09-01,5.0
NORTH DAKOTA,2018-10-01,5.0
NORTH DAKOTA,2018-11-01,13.0
NORTH DAKOTA,2018-12-01,5.0
NORTH DAKOTA,2019-01-01,11.0
NORTH DAKOTA,2019-02-01,11.0
NORTH DAKOTA,2019-03-01,9.0
NORTH DAKOTA,2019-04-01,5.0
NORTH DAKOTA,2019-05-01,5.0
NORTH DAKOTA,2019-06-01,4.0
NORTH DAKOTA,2019-07-01,4.0
NORTH DAKOTA,2019-08-01,9.0
NORTH DAKOTA,2019-09-01,9.0
NORTH DAKOTA,2019-10-01,3.0
NORTH DAKOTA,2019-11-01,7.0
NORTH DAKOTA,2019-12-01,5.0
NORTH DAKOTA,2020-01-01,8.0
NORTH DAKOTA,2020-02-01,1.0
NORTH DAKOTA,2020-03-01,5.0
NORTH DAKOTA,2020-04-01,2.0
NORTH DAKOTA,2020-05-01,2.0
NORTH DAKOTA,2020-06-01,7.0
NORTH DAKOTA,2020-07-01,3.0
NORTH DAKOTA,2020-08-01,6.0
NORTH DAKOTA,2020-09-01,1.0
NORTH DAKOTA,2020-10-01,3.0
NORTH DAKOTA,2020-11-01,2.0
NORTH DAKOTA,2020-12-01,4.0
NORTH DAKOTA,2021-01-01,2.0
NORTH DAKOTA,2021-02-01,3.0
NORTH DAKOTA,2021-03-01,2.0
NORTH DAKOTA,2021-04-01,3.0
NORTH DAKOTA,2021-05-01,1.0
NORTH DAKOTA,2021-06-01,5.0
NORTH DAKOTA,2021-07-01,7.0
NORTH DAKOTA,2021-08-01,5.0
NORTH DAKOTA,2021-09-01,4.0
NORTH DAKOTA,2021-10-01,5.0
NORTH DAKOTA,2021-11-01,3.0
NORTH DAKOTA,2021-12-01,4.0
NORTH DAKOTA,2022-01-01,3.0
NORTH DAKOTA,2022-02-01,1.0
NORTH DAKOTA,2022-03-01,3.0
NORTH DAKOTA,2022-04-01,5.0
NORTH DAKOTA,2022-05-01,8.0
NORTH DAKOTA,2022-06-01,4.0
NORTH DAKOTA,2022-07-01,3.0
NORTH DAKOTA,2022-08-01,10.0
NORTH DAKOTA,2022-09-01,4.0
NORTH DAKOTA,2022-10-01,6.0
NORTH DAKOTA,2022-11-01,11.0
NORTH DAKOTA,2022-12-01,3.0
NORTH DAKOTA,2023-01-01,4.0
NORTH DAKOTA,2023-02-01,3.0
NORTH DAKOTA,2023-03-01,7.0
NORTH DAKOTA,2023-04-01,6.0
NORTH DAKOTA,2023-05-01,3.0
NORTH DAKOTA,2023-06-01,7.0
NORTH DAKOTA,2023-07-01,7.0
NORTH DAKOTA,2023-08-01,1.0
NORTH DAKOTA,2023-09-01,11.0
NORTH DAKOTA,2023-10-01,6.0
NORTH DAKOTA,2023-11-01,4.0
NORTH DAKOTA,2023-12-01,6.0
NORTH DAKOTA,2024-01-01,7.0
NORTH DAKOTA,2024-02-01,5.0
NORTH DAKOTA,2024-03-01,6.0
NORTH DAKOTA,2024-04-01,6.0
NORTH DAKOTA,2024-05-01,4.0
NORTH DAKOTA,2024-06-01,5.0
NORTH DAKOTA,2024-07-01,2.0
NORTH DAKOTA,2024-08-01,4.0
NORTH DAKOTA,2024-09-01,7.0
NORTH DAKOTA,2024-10-01,2.0
NORTH DAKOTA,2024-11-01,6.0
NORTH DAKOTA,2024-12-01,3.0
NORTH DAKOTA,2025-01-01,6.0
NORTH DAKOTA,2025-02-01,6.0
OHIO,2015-01-01,43.0
OHIO,2015-02-01,38.0
OHIO,2015-03-01,46.0
OHIO,2015-04-01,40.0
OHIO,2015-05-01,45.0
OHIO,2015-06-01,38.0
OHIO,2015-07-01,52.0
OHIO,2015-08-01,50.0
OHIO,2015-09-01,44.0
OHIO,2015-10-01,52.0
OHIO,2015-11-01,38.0
OHIO,2015-12-01,30.0
OHIO,2016-01-01,51.0
OHIO,2016-02-01,42.0
OHIO,2016-03-01,41.0
OHIO,2016-04-01,44.0
OHIO,2016-05-01,37.0
OHIO,2016-06-01,49.0
OHIO,2016-07-01,53.0
OHIO,2016-08-01,59.0
OHIO,2016-09-01,47.0
OHIO,2016-10-01,53.0
OHIO,2016-11-01,51.0
OHIO,2016-12-01,48.0
OHIO,2017-01-01,52.0
OHIO,2017-02-01,32.0
OHIO,2017-03-01,50.0
OHIO,2017-04-01,52.0
OHIO,2017-05-01,45.0
OHIO,2017-06-01,62.0
OHIO,2017-07-01,43.0
OHIO,2017-08-01,54.0
OHIO,2017-09-01,42.0
OHIO,2017-10-01,35.0
OHIO,2017-11-01,35.0
OHIO,2017-12-01,44.0
OHIO,2018-01-01,62.0
OHIO,2018-02-01,38.0
OHIO,2018-03-01,41.0
OHIO,2018-04-01,46.0
OHIO,2018-05-01,55.0
OHIO,2018-06-01,59.0
OHIO,2018-07-01,54.0
OHIO,2018-08-01,57.0
OHIO,2018-09-01,46.0
OHIO,2018-10-01,56.0
OHIO,2018-11-01,45.0
OHIO,2018-12-01,49.0
OHIO,2019-01-01,71.0
OHIO,2019-02-01,57.0
OHIO,2019-03-01,44.0
OHIO,2019-04-01,53.0
OHIO,2019-05-01,53.0
OHIO,2019-06-01,50.0
OHIO,2019-07-01,60.0
OHIO,2019-08-01,52.0
OHIO,2019-09-01,51.0
OHIO,2019-10-01,50.0
OHIO,2019-11-01,48.0
OHIO,2019-12-01,50.0
OHIO,2020-01-01,37.0
OHIO,2020-02-01,53.0
OHIO,2020-03-01,40.0
OHIO,2020-04-01,34.0
OHIO,2020-05-01,30.0
OHIO,2020-06-01,48.0
OHIO,2020-07-01,39.0
OHIO,2020-08-01,50.0
OHIO,2020-09-01,51.0
OHIO,2020-10-01,38.0
OHIO,2020-11-01,37.0
OHIO,2020-12-01,28.0
OHIO,2021-01-01,44.0
OHIO,2021-02-01,54.0
OHIO,2021-03-01,43.0
OHIO,2021-04-01,47.0
OHIO,2021-05-01,30.0
OHIO,2021-06-01,45.0
OHIO,2021-07-01,46.0
OHIO,2021-08-01,49.0
OHIO,2021-09-01,52.0
OHIO,2021-10-01,45.0
OHIO,2021-11-01,29.0
OHIO,2021-12-01,43.0
OHIO,2022-01-01,55.0
OHIO,2022-02-01,44.0
OHIO,2022-03-01,63.0
OHIO,2022-04-01,39.0
OHIO,2022-05-01,47.0
OHIO,2022-06-01,55.0
OHIO,2022-07-01,54.0
OHIO,2022-08-01,61.0
OHIO,2022-09-01,45.0
OHIO,2022-10-01,48.0
OHIO,2022-11-01,48.0
OHIO,2022-12-01,53.0
OHIO,2023-01-01,49.0
OHIO,2023-02-01,29.0
OHIO,2023-03-01,50.0
OHIO,2023-04-01,56.0
OHIO,2023-05-01,39.0
OHIO,2023-06-01,33.0
OHIO,2023-07-01,33.0
OHIO,2023-08-01,29.0
OHIO,2023-09-01,47.0
OHIO,2023-10-01,57.0
OHIO,2023-11-01,43.0
OHIO,2023-12-01,36.0
OHIO,2024-01-01,49.0
OHIO,2024-02-01,36.0
OHIO,2024-03-01,36.0
OHIO,2024-04-01,42.0
OHIO,2024-05-01,50.0
OHIO,2024-06-01,46.0
OHIO,2024-07-01,40.0
OHIO,2024-08-01,55.0
OHIO,2024-09-01,49.0
OHIO,2024-10-01,42.0
OHIO,2024-11-01,39.0
OHIO,2024-12-01,36.0
OHIO,2025-01-01,51.0
OHIO,2025-02-01,55.0
OKLAHOMA,2015-01-01,20.0
OKLAHOMA,2015-02-01,10.0
OKLAHOMA,2015-03-01,12.0
OKLAHOMA,2015-04-01,13.0
OKLAHOMA,2015-05-01,6.0
OKLAHOMA,2015-06-01,18.0
OKLAHOMA,2015-07-01,19.0
OKLAHOMA,2015-08-01,15.0
OKLAHOMA,2015-09-01,13.0
OKLAHOMA,2015-10-01,9.0
OKLAHOMA,2015-11-01,9.0
OKLAHOMA,2015-12-01,13.0
OKLAHOMA,2016-01-01,12.0
OKLAHOMA,2016-02-01,10.0
OKLAHOMA,2016-03-01,10.0
OKLAHOMA,2016-04-01,10.0
OKLAHOMA,2016-05-01,10.0
OKLAHOMA,2016-06-01,18.0
OKLAHOMA,2016-07-01,16.0
OKLAHOMA,2016-08-01,20.0
OKLAHOMA,2016-09-01,20.0
OKLAHOMA,2016-10-01,9.0
OKLAHOMA,2016-11-01,8.0
OKLAHOMA,2016-12-01,11.0
OKLAHOMA,2017-01-01,15.0
OKLAHOMA,2017-02-01,10.0
OKLAHOMA,2017-03-01,12.0
OKLAHOMA,2017-04-01,11.0
OKLAHOMA,2017-05-01,14.0
OKLAHOMA,2017-06-01,16.0
OKLAHOMA,2017-07-01,16.0
OKLAHOMA,2017-08-01,15.0
OKLAHOMA,2017-09-01,19.0
OKLAHOMA,2017-10-01,22.0
OKLAHOMA,2017-11-01,17.0
OKLAHOMA,2017-12-01,12.0
OKLAHOMA,2018-01-01,10.0
OKLAHOMA,2018-02-01,20.0
OKLAHOMA,2018-03-01,17.0
OKLAHOMA,2018-04-01,20.0
OKLAHOMA,2018-05-01,20.0
OKLAHOMA,2018-06-01,26.0
OKLAHOMA,2018-07-01,28.0
OKLAHOMA,2018-08-01,13.0
OKLAHOMA,2018-09-01,12.0
OKLAHOMA,2018-10-01,13.0
OKLAHOMA,2018-11-01,15.0
OKLAHOMA,2018-12-01,12.0
OKLAHOMA,2019-01-01,11.0
OKLAHOMA,2019-02-01,8.0
OKLAHOMA,2019-03-01,14.0
OKLAHOMA,2019-04-01,20.0
OKLAHOMA,2019-05-01,10.0
OKLAHOMA,2019-06-01,13.0
OKLAHOMA,2019-07-01,11.0
OKLAHOMA,2019-08-01,18.0
OKLAHOMA,2019-09-01,22.0
OKLAHOMA,2019-10-01,18.0
OKLAHOMA,2019-11-01,9.0
OKLAHOMA,2019-12-01,10.0
OKLAHOMA,2020-01-01,12.0
OKLAHOMA,2020-02-01,9.0
OKLAHOMA,2020-03-01,10.0
OKLAHOMA,2020-04-01,11.0
OKLAHOMA,2020-05-01,10.0
OKLAHOMA,2020-06-01,15.0
OKLAHOMA,2020-07-01,5.0
OKLAHOMA,2020-08-01,8.0
OKLAHOMA,2020-09-01,8.0
OKLAHOMA,2020-10-01,12.0
OKLAHOMA,2020-11-01,9.0
OKLAHOMA,2020-12-01,11.0
OKLAHOMA,2021-01-01,11.0
OKLAHOMA,2021-02-01,22.0
OKLAHOMA,2021-03-01,14.0
OKLAHOMA,2021-04-01,12.0
OKLAHOMA,2021-05-01,9.0
OKLAHOMA,2021-06-01,20.0
OKLAHOMA,2021-07-01,13.0
OKLAHOMA,2021-08-01,16.0
OKLAHOMA,2021-09-01,8.0
OKLAHOMA,2021-10-01,14.0
OKLAHOMA,2021-11-01,11.0
OKLAHOMA,2021-12-01,5.0
OKLAHOMA,2022-01-01,15.0
OKLAHOMA,2022-02-01,9.0
OKLAHOMA,2022-03-01,14.0
OKLAHOMA,2022-04-01,13.0
OKLAHOMA,2022-05-01,17.0
OKLAHOMA,2022-06-01,14.0
OKLAHOMA,2022-07-01,10.0
OKLAHOMA,2022-08-01,14.0
OKLAHOMA,2022-09-01,12.0
OKLAHOMA,2022-10-01,15.0
OKLAHOMA,2022-11-01,18.0
OKLAHOMA,2022-12-01,18.0
OKLAHOMA,2023-01-01,14.0
OKLAHOMA,2023-02-01,14.0
OKLAHOMA,2023-03-01,8.0
OKLAHOMA,2023-04-01,9.0
OKLAHOMA,2023-05-01,9.0
OKLAHOMA,2023-06-01,17.0
OKLAHOMA,2023-07-01,19.0
OKLAHOMA,2023-08-01,11.0
OKLAHOMA,2023-09-01,12.0
OKLAHOMA,2023-10-01,10.0
OKLAHOMA,2023-11-01,8.0
OKLAHOMA,2023-12-01,8.0
OKLAHOMA,2024-01-01,15.0
OKLAHOMA,2024-02-01,10.0
OKLAHOMA,2024-03-01,10.0
OKLAHOMA,2024-04-01,11.0
OKLAHOMA,2024-05-01,11.0
OKLAHOMA,2024-06-01,9.0
OKLAHOMA,2024-07-01,17.0
OKLAHOMA,2024-08-01,11.0
OKLAHOMA,2024-09-01,20.0
OKLAHOMA,2024-10-01,13.0
OKLAHOMA,2024-11-01,3.0
OKLAHOMA,2024-12-01,6.0
OKLAHOMA,2025-01-01,16.0
OKLAHOMA,2025-02-01,14.0
PENNSYLVANIA,2015-01-01,56.0
PENNSYLVANIA,2015-02-01,72.0
PENNSYLVANIA,2015-03-01,59.0
PENNSYLVANIA,2015-04-01,53.0
PENNSYLVANIA,2015-05-01,50.0
PENNSYLVANIA,2015-06-01,53.0
PENNSYLVANIA,2015-07-01,56.0
PENNSYLVANIA,2015-08-01,47.0
PENNSYLVANIA,2015-09-01,57.0
PENNSYLVANIA,2015-10-01,53.0
PENNSYLVANIA,2015-11-01,41.0
PENNSYLVANIA,2015-12-01,27.0
PENNSYLVANIA,2016-01-01,44.0
PENNSYLVANIA,2016-02-01,59.0
PENNSYLVANIA,2016-03-01,47.0
PENNSYLVANIA,2016-04-01,54.0
PENNSYLVANIA,2016-05-01,43.0
PENNSYLVANIA,2016-06-01,45.0
PENNSYLVANIA,2016-07-01,81.0
PENNSYLVANIA,2016-08-01,61.0
PENNSYLVANIA,2016-09-01,65.0
PENNSYLVANIA,2016-10-01,47.0
PENNSYLVANIA,2016-11-01,61.0
PENNSYLVANIA,2016-12-01,54.0
PENNSYLVANIA,2017-01-01,55.0
PENNSYLVANIA,2017-02-01,51.0
PENNSYLVANIA,2017-03-01,70.0
PENNSYLVANIA,2017-04-01,52.0
PENNSYLVANIA,2017-05-01,45.0
PENNSYLVANIA,2017-06-01,53.0
PENNSYLVANIA,2017-07-01,71.0
PENNSYLVANIA,2017-08-01,59.0
PENNSYLVANIA,2017-09-01,47.0
PENNSYLVANIA,2017-10-01,54.0
PENNSYLVANIA,2017-11-01,40.0
PENNSYLVANIA,2017-12-01,64.0
PENNSYLVANIA,2018-01-01,55.0
PENNSYLVANIA,2018-02-01,65.0
PENNSYLVANIA,2018-03-01,62.0
PENNSYLVANIA,2018-04-01,63.0
PENNSYLVANIA,2018-05-01,69.0
PENNSYLVANIA,2018-06-01,67.0
PENNSYLVANIA,2018-07-01,69.0
PENNSYLVANIA,2018-08-01,63.0
PENNSYLVANIA,2018-09-01,69.0
PENNSYLVANIA,2018-10-01,58.0
PENNSYLVANIA,2018-11-01,53.0
PENNSYLVANIA,2018-12-01,55.0
PENNSYLVANIA,2019-01-01,66.0
PENNSYLVANIA,2019-02-01,46.0
PENNSYLVANIA,2019-03-01,59.0
PENNSYLVANIA,2019-04-01,47.0
PENNSYLVANIA,2019-05-01,50.0
PENNSYLVANIA,2019-06-01,43.0
PENNSYLVANIA,2019-07-01,68.0
PENNSYLVANIA,2019-08-01,65.0
PENNSYLVANIA,2019-09-01,56.0
PENNSYLVANIA,2019-10-01,45.0
PENNSYLVANIA,2019-11-01,44.0
PENNSYLVANIA,2019-12-01,36.0
PENNSYLVANIA,2020-01-01,70.0
PENNSYLVANIA,2020-02-01,41.0
PENNSYLVANIA,2020-03-01,33.0
PENNSYLVANIA,2020-04-01,32.0
PENNSYLVANIA,2020-05-01,47.0
PENNSYLVANIA,2020-06-01,65.0
PENNSYLVANIA,2020-07-01,52.0
PENNSYLVANIA,2020-08-01,60.0
PENNSYLVANIA,2020-09-01,62.0
PENNSYLVANIA,2020-10-01,56.0
PENNSYLVANIA,2020-11-01,46.0
PENNSYLVANIA,2020-12-01,46.0
PENNSYLVANIA,2021-01-01,39.0
PENNSYLVANIA,2021-02-01,54.0
PENNSYLVANIA,2021-03-01,46.0
PENNSYLVANIA,2021-04-01,45.0
PENNSYLVANIA,2021-05-01,59.0
PENNSYLVANIA,2021-06-01,55.0
PENNSYLVANIA,2021-07-01,56.0
PENNSYLVANIA,2021-08-01,51.0
PENNSYLVANIA,2021-09-01,46.0
PENNSYLVANIA,2021-10-01,36.0
PENNSYLVANIA,2021-11-01,46.0
PENNSYLVANIA,2021-12-01,38.0
PENNSYLVANIA,2022-01-01,54.0
PENNSYLVANIA,2022-02-01,58.0
PENNSYLVANIA,2022-03-01,64.0
PENNSYLVANIA,2022-04-01,39.0
PENNSYLVANIA,2022-05-01,58.0
PENNSYLVANIA,2022-06-01,60.0
PENNSYLVANIA,2022-07-01,58.0
PENNSYLVANIA,2022-08-01,54.0
PENNSYLVANIA,2022-09-01,46.0
PENNSYLVANIA,2022-10-01,46.0
PENNSYLVANIA,2022-11-01,36.0
PENNSYLVANIA,2022-12-01,49.0
PENNSYLVANIA,2023-01-01,44.0
PENNSYLVANIA,2023-02-01,37.0
PENNSYLVANIA,2023-03-01,41.0
PENNSYLVANIA,2023-04-01,50.0
PENNSYLVANIA,2023-05-01,44.0
PENNSYLVANIA,2023-06-01,62.0
PENNSYLVANIA,2023-07-01,57.0
PENNSYLVANIA,2023-08-01,59.0
PENNSYLVANIA,2023-09-01,48.0
PENNSYLVANIA,2023-10-01,44.0
PENNSYLVANIA,2023-11-01,47.0
PENNSYLVANIA,2023-12-01,35.0
PENNSYLVANIA,2024-01-01,52.0
PENNSYLVANIA,2024-02-01,54.0
PENNSYLVANIA,2024-03-01,40.0
PENNSYLVANIA,2024-04-01,37.0
PENNSYLVANIA,2024-05-01,67.0
PENNSYLVANIA,2024-06-01,45.0
PENNSYLVANIA,2024-07-01,45.0
PENNSYLVANIA,2024-08-01,40.0
PENNSYLVANIA,2024-09-01,47.0
PENNSYLVANIA,2024-10-01,47.0
PENNSYLVANIA,2024-11-01,32.0
PENNSYLVANIA,2024-12-01,51.0
PENNSYLVANIA,2025-01-01,62.0
PENNSYLVANIA,2025-02-01,40.0
RHODE ISLAND,2015-01-01,2.0
RHODE ISLAND,2015-02-01,2.0
RHODE ISLAND,2015-03-01,1.0
RHODE ISLAND,2015-04-01,3.0
RHODE ISLAND,2015-05-01,3.0
RHODE ISLAND,2015-06-01,1.0
RHODE ISLAND,2015-07-01,4.0
RHODE ISLAND,2015-08-01,4.0
RHODE ISLAND,2015-09-01,1.0
RHODE ISLAND,2015-10-01,1.0
RHODE ISLAND,2015-11-01,2.0
RHODE ISLAND,2015-12-01,2.0
RHODE ISLAND,2016-01-01,0.0
RHODE ISLAND,2016-02-01,3.0
RHODE ISLAND,2016-03-01,3.0
RHODE ISLAND,2016-04-01,2.0
RHODE ISLAND,2016-05-01,2.0
RHODE ISLAND,2016-06-01,0.0
RHODE ISLAND,2016-07-01,4.0
RHODE ISLAND,2016-08-01,6.0
RHODE ISLAND,2016-09-01,2.0
RHODE ISLAND,2016-10-01,0.0
RHODE ISLAND,2016-11-01,4.0
RHODE ISLAND,2016-12-01,1.0
RHODE ISLAND,2017-01-01,2.0
RHODE ISLAND,2017-02-01,2.0
RHODE ISLAND,2017-03-01,5.0
RHODE ISLAND,2017-04-01,2.0
RHODE ISLAND,2017-05-01,1.0
RHODE ISLAND,2017-06-01,3.0
RHODE ISLAND,2017-07-01,2.0
RHODE ISLAND,2017-08-01,5.0
RHODE ISLAND,2017-09-01,5.0
RHODE ISLAND,2017-10-01,2.0
RHODE ISLAND,2017-11-01,3.0
RHODE ISLAND,2017-12-01,2.0
RHODE ISLAND,2018-01-01,2.0
RHODE ISLAND,2018-02-01,2.0
RHODE ISLAND,2018-03-01,4.0
RHODE ISLAND,2018-04-01,1.0
RHODE ISLAND,2018-05-01,4.0
RHODE ISLAND,2018-06-01,4.0
RHODE ISLAND,2018-07-01,2.0
RHODE ISLAND,2018-08-01,8.0
RHODE ISLAND,2018-09-01,2.0
RHODE ISLAND,2018-10-01,4.0
RHODE ISLAND,2018-11-01,2.0
RHODE ISLAND,2018-12-01,1.0
RHODE ISLAND,2019-01-01,3.0
RHODE ISLAND,2019-02-01,2.0
RHODE ISLAND,2019-03-01,4.0
RHODE ISLAND,2019-04-01,1.0
RHODE ISLAND,2019-05-01,2.0
RHODE ISLAND,2019-06-01,1.0
RHODE ISLAND,2019-07-01,1.0
RHODE ISLAND,2019-08-01,4.0
RHODE ISLAND,2019-09-01,7.0
RHODE ISLAND,2019-10-01,0.0
RHODE ISLAND,2019-11-01,2.0
RHODE ISLAND,2019-12-01,4.0
RHODE ISLAND,2020-01-01,1.0
RHODE ISLAND,2020-02-01,4.0
RHODE ISLAND,2020-03-01,4.0
RHODE ISLAND,2020-04-01,1.0
RHODE ISLAND,2020-05-01,3.0
RHODE ISLAND,2020-06-01,2.0
RHODE ISLAND,2020-07-01,5.0
RHODE ISLAND,2020-08-01,1.0
RHODE ISLAND,2020-09-01,2.0
RHODE ISLAND,2020-10-01,2.0
RHODE ISLAND,2020-11-01,2.0
RHODE ISLAND,2020-12-01,0.0
RHODE ISLAND,2021-01-01,2.0
RHODE ISLAND,2021-02-01,3.0
RHODE ISLAND,2021-03-01,1.0
RHODE ISLAND,2021-04-01,5.0
RHODE ISLAND,2021-05-01,3.0
RHODE ISLAND,2021-06-01,3.0
RHODE ISLAND,2021-07-01,1.0
RHODE ISLAND,2021-08-01,4.0
RHODE ISLAND,2021-09-01,0.0
RHODE ISLAND,2021-10-01,1.0
RHODE ISLAND,2021-11-01,2.0
RHODE ISLAND,2021-12-01,2.0
RHODE ISLAND,2022-01-01,1.0
RHODE ISLAND,2022-02-01,2.0
RHODE ISLAND,2022-03-01,2.0
RHODE ISLAND,2022-04-01,4.0
RHODE ISLAND,2022-05-01,2.0
RHODE ISLAND,2022-06-01,2.0
RHODE ISLAND,2022-07-01,1.0
RHODE ISLAND,2022-08-01,4.0
RHODE ISLAND,2022-09-01,2.0
RHODE ISLAND,2022-10-01,0.0
RHODE ISLAND,2022-11-01,2.0
RHODE ISLAND,2022-12-01,3.0
RHODE ISLAND,2023-01-01,0.0
RHODE ISLAND,2023-02-01,3.0
RHODE ISLAND,2023-03-01,1.0
RHODE ISLAND,2023-04-01,4.0
RHODE ISLAND,2023-05-01,1.0
RHODE ISLAND,2023-06-01,4.0
RHODE ISLAND,2023-07-01,1.0
RHODE ISLAND,2023-08-01,3.0
RHODE ISLAND,2023-09-01,4.0
RHODE ISLAND,2023-10-01,2.0
RHODE ISLAND,2023-11-01,2.0
RHODE ISLAND,2023-12-01,4.0
RHODE ISLAND,2024-01-01,3.0
RHODE ISLAND,2024-02-01,0.0
RHODE ISLAND,2024-03-01,2.0
RHODE ISLAND,2024-04-01,2.0
RHODE ISLAND,2024-05-01,2.0
RHODE ISLAND,2024-06-01,1.0
RHODE ISLAND,2024-07-01,0.0
RHODE ISLAND,2024-08-01,1.0
RHODE ISLAND,2024-09-01,3.0
RHODE ISLAND,2024-10-01,0.0
RHODE ISLAND,2024-11-01,1.0
RHODE ISLAND,2024-12-01,1.0
RHODE ISLAND,2025-01-01,5.0
RHODE ISLAND,2025-02-01,4.0
SOUTH DAKOTA,2015-01-01,3.0
SOUTH DAKOTA,2015-02-01,5.0
SOUTH DAKOTA,2015-03-01,4.0
SOUTH DAKOTA,2015-04-01,4.0
SOUTH DAKOTA,2015-05-01,5.0
SOUTH DAKOTA,2015-06-01,2.0
SOUTH DAKOTA,2015-07-01,2.0
SOUTH DAKOTA,2015-08-01,0.0
SOUTH DAKOTA,2015-09-01,6.0
SOUTH DAKOTA,2015-10-01,7.0
SOUTH DAKOTA,2015-11-01,4.0
SOUTH DAKOTA,2015-12-01,9.0
SOUTH DAKOTA,2016-01-01,1.0
SOUTH DAKOTA,2016-02-01,6.0
SOUTH DAKOTA,2016-03-01,0.0
SOUTH DAKOTA,2016-04-01,1.0
SOUTH DAKOTA,2016-05-01,10.0
SOUTH DAKOTA,2016-06-01,7.0
SOUTH DAKOTA,2016-07-01,4.0
SOUTH DAKOTA,2016-08-01,6.0
SOUTH DAKOTA,2016-09-01,5.0
SOUTH DAKOTA,2016-10-01,5.0
SOUTH DAKOTA,2016-11-01,9.0
SOUTH DAKOTA,2016-12-01,9.0
SOUTH DAKOTA,2017-01-01,9.0
SOUTH DAKOTA,2017-02-01,3.0
SOUTH DAKOTA,2017-03-01,3.0
SOUTH DAKOTA,2017-04-01,5.0
SOUTH DAKOTA,2017-05-01,6.0
SOUTH DAKOTA,2017-06-01,5.0
SOUTH DAKOTA,2017-07-01,5.0
SOUTH DAKOTA,2017-08-01,4.0
SOUTH DAKOTA,2017-09-01,7.0
SOUTH DAKOTA,2017-10-01,10.0
SOUTH DAKOTA,2017-11-01,6.0
SOUTH DAKOTA,2017-12-01,7.0
SOUTH DAKOTA,2018-01-01,7.0
SOUTH DAKOTA,2018-02-01,8.0
SOUTH DAKOTA,2018-03-01,2.0
SOUTH DAKOTA,2018-04-01,3.0
SOUTH DAKOTA,2018-05-01,3.0
SOUTH DAKOTA,2018-06-01,7.0
SOUTH DAKOTA,2018-07-01,5.0
SOUTH DAKOTA,2018-08-01,3.0
SOUTH DAKOTA,2018-09-01,2.0
SOUTH DAKOTA,2018-10-01,3.0
SOUTH DAKOTA,2018-11-01,5.0
SOUTH DAKOTA,2018-12-01,10.0
SOUTH DAKOTA,2019-01-01,5.0
SOUTH DAKOTA,2019-02-01,6.0
SOUTH DAKOTA,2019-03-01,8.0
SOUTH DAKOTA,2019-04-01,4.0
SOUTH DAKOTA,2019-05-01,8.0
SOUTH DAKOTA,2019-06-01,6.0
SOUTH DAKOTA,2019-07-01,7.0
SOUTH DAKOTA,2019-08-01,8.0
SOUTH DAKOTA,2019-09-01,5.0
SOUTH DAKOTA,2019-10-01,6.0
SOUTH DAKOTA,2019-11-01,6.0
SOUTH DAKOTA,2019-12-01,3.0
SOUTH DAKOTA,2020-01-01,7.0
SOUTH DAKOTA,2020-02-01,6.0
SOUTH DAKOTA,2020-03-01,3.0
SOUTH DAKOTA,2020-04-01,4.0
SOUTH DAKOTA,2020-05-01,7.0
SOUTH DAKOTA,2020-06-01,3.0
SOUTH DAKOTA,2020-07-01,5.0
SOUTH DAKOTA,2020-08-01,1.0
SOUTH DAKOTA,2020-09-01,5.0
SOUTH DAKOTA,2020-10-01,5.0
SOUTH DAKOTA,2020-11-01,3.0
SOUTH DAKOTA,2020-12-01,2.0
SOUTH DAKOTA,2021-01-01,3.0
SOUTH DAKOTA,2021-02-01,2.0
SOUTH DAKOTA,2021-03-01,4.0
SOUTH DAKOTA,2021-04-01,2.0
SOUTH DAKOTA,2021-05-01,4.0
SOUTH DAKOTA,2021-06-01,2.0
SOUTH DAKOTA,2021-07-01,3.0
SOUTH DAKOTA,2021-08-01,1.0
SOUTH DAKOTA,2021-09-01,1.0
SOUTH DAKOTA,2021-10-01,3.0
SOUTH DAKOTA,2021-11-01,4.0
SOUTH DAKOTA,2021-12-01,6.0
SOUTH DAKOTA,2022-01-01,3.0
SOUTH DAKOTA,2022-02-01,3.0
SOUTH DAKOTA,2022-03-01,4.0
SOUTH DAKOTA,2022-04-01,1.0
SOUTH DAKOTA,2022-05-01,3.0
SOUTH DAKOTA,2022-06-01,4.0
SOUTH DAKOTA,2022-07-01,4.0
SOUTH DAKOTA,2022-08-01,4.0
SOUTH DAKOTA,2022-09-01,2.0
SOUTH DAKOTA,2022-10-01,2.0
SOUTH DAKOTA,2022-11-01,3.0
SOUTH DAKOTA,2022-12-01,5.0
SOUTH DAKOTA,2023-01-01,4.0
SOUTH DAKOTA,2023-02-01,4.0
SOUTH DAKOTA,2023-03-01,4.0
SOUTH DAKOTA,2023-04-01,3.0
SOUTH DAKOTA,2023-05-01,3.0
SOUTH DAKOTA,2023-06-01,5.0
SOUTH DAKOTA,2023-07-01,5.0
SOUTH DAKOTA,2023-08-01,1.0
SOUTH DAKOTA,2023-09-01,5.0
SOUTH DAKOTA,2023-10-01,1.0
SOUTH DAKOTA,2023-11-01,5.0
SOUTH DAKOTA,2023-12-01,1.0
SOUTH DAKOTA,2024-01-01,5.0
SOUTH DAKOTA,2024-02-01,1.0
SOUTH DAKOTA,2024-03-01,4.0
SOUTH DAKOTA,2024-04-01,2.0
SOUTH DAKOTA,2024-05-01,2.0
SOUTH DAKOTA,2024-06-01,3.0
SOUTH DAKOTA,2024-07-01,3.0
SOUTH DAKOTA,2024-08-01,5.0
SOUTH DAKOTA,2024-09-01,4.0
SOUTH DAKOTA,2024-10-01,9.0
SOUTH DAKOTA,2024-11-01,5.0
SOUTH DAKOTA,2024-12-01,1.0
SOUTH DAKOTA,2025-01-01,3.0
SOUTH DAKOTA,2025-02-01,4.0
TEXAS,2015-01-01,108.0
TEXAS,2015-02-01,97.0
TEXAS,2015-03-01,109.0
TEXAS,2015-04-01,126.0
TEXAS,2015-05-01,113.0
TEXAS,2015-06-01,117.0
TEXAS,2015-07-01,143.0
TEXAS,2015-08-01,139.0
TEXAS,2015-09-01,114.0
TEXAS,2015-10-01,114.0
TEXAS,2015-11-01,96.0
TEXAS,2015-12-01,94.0
TEXAS,2016-01-01,109.0
TEXAS,2016-02-01,97.0
TEXAS,2016-03-01,86.0
TEXAS,2016-04-01,73.0
TEXAS,2016-05-01,93.0
TEXAS,2016-06-01,127.0
TEXAS,2016-07-01,134.0
TEXAS,2016-08-01,159.0
TEXAS,2016-09-01,124.0
TEXAS,2016-10-01,97.0
TEXAS,2016-11-01,121.0
TEXAS,2016-12-01,91.0
TEXAS,2017-01-01,109.0
TEXAS,2017-02-01,104.0
TEXAS,2017-03-01,121.0
TEXAS,2017-04-01,98.0
TEXAS,2017-05-01,133.0
TEXAS,2017-06-01,134.0
TEXAS,2017-07-01,122.0
TEXAS,2017-08-01,120.0
TEXAS,2017-09-01,121.0
TEXAS,2017-10-01,139.0
TEXAS,2017-11-01,116.0
TEXAS,2017-12-01,114.0
TEXAS,2018-01-01,134.0
TEXAS,2018-02-01,112.0
TEXAS,2018-03-01,128.0
TEXAS,2018-04-01,109.0
TEXAS,2018-05-01,145.0
TEXAS,2018-06-01,132.0
TEXAS,2018-07-01,158.0
TEXAS,2018-08-01,156.0
TEXAS,2018-09-01,128.0
TEXAS,2018-10-01,145.0
TEXAS,2018-11-01,127.0
TEXAS,2018-12-01,96.0
TEXAS,2019-01-01,122.0
TEXAS,2019-02-01,118.0
TEXAS,2019-03-01,139.0
TEXAS,2019-04-01,128.0
TEXAS,2019-05-01,127.0
TEXAS,2019-06-01,141.0
TEXAS,2019-07-01,166.0
TEXAS,2019-08-01,160.0
TEXAS,2019-09-01,154.0
TEXAS,2019-10-01,121.0
TEXAS,2019-11-01,108.0
TEXAS,2019-12-01,116.0
TEXAS,2020-01-01,99.0
TEXAS,2020-02-01,95.0
TEXAS,2020-03-01,92.0
TEXAS,2020-04-01,99.0
TEXAS,2020-05-01,104.0
TEXAS,2020-06-01,106.0
TEXAS,2020-07-01,101.0
TEXAS,2020-08-01,105.0
TEXAS,2020-09-01,105.0
TEXAS,2020-10-01,119.0
TEXAS,2020-11-01,75.0
TEXAS,2020-12-01,92.0
TEXAS,2021-01-01,62.0
TEXAS,2021-02-01,98.0
TEXAS,2021-03-01,85.0
TEXAS,2021-04-01,111.0
TEXAS,2021-05-01,87.0
TEXAS,2021-06-01,104.0
TEXAS,2021-07-01,121.0
TEXAS,2021-08-01,99.0
TEXAS,2021-09-01,70.0
TEXAS,2021-10-01,92.0
TEXAS,2021-11-01,95.0
TEXAS,2021-12-01,83.0
TEXAS,2022-01-01,72.0
TEXAS,2022-02-01,89.0
TEXAS,2022-03-01,104.0
TEXAS,2022-04-01,92.0
TEXAS,2022-05-01,99.0
TEXAS,2022-06-01,122.0
TEXAS,2022-07-01,114.0
TEXAS,2022-08-01,125.0
TEXAS,2022-09-01,93.0
TEXAS,2022-10-01,90.0
TEXAS,2022-11-01,95.0
TEXAS,2022-12-01,89.0
TEXAS,2023-01-01,109.0
TEXAS,2023-02-01,102.0
TEXAS,2023-03-01,106.0
TEXAS,2023-04-01,101.0
TEXAS,2023-05-01,94.0
TEXAS,2023-06-01,129.0
TEXAS,2023-07-01,100.0
TEXAS,2023-08-01,125.0
TEXAS,2023-09-01,94.0
TEXAS,2023-10-01,97.0
TEXAS,2023-11-01,100.0
TEXAS,2023-12-01,96.0
TEXAS,2024-01-01,92.0
TEXAS,2024-02-01,105.0
TEXAS,2024-03-01,93.0
TEXAS,2024-04-01,91.0
TEXAS,2024-05-01,101.0
TEXAS,2024-06-01,109.0
TEXAS,2024-07-01,103.0
TEXAS,2024-08-01,122.0
TEXAS,2024-09-01,111.0
TEXAS,2024-10-01,94.0
TEXAS,2024-11-01,96.0
TEXAS,2024-12-01,96.0
TEXAS,2025-01-01,120.0
TEXAS,2025-02-01,103.0
WEST VIRGINIA,2015-01-01,11.0
WEST VIRGINIA,2015-02-01,4.0
WEST VIRGINIA,2015-03-01,6.0
WEST VIRGINIA,2015-04-01,6.0
WEST VIRGINIA,2015-05-01,11.0
WEST VIRGINIA,2015-06-01,4.0
WEST VIRGINIA,2015-07-01,8.0
WEST VIRGINIA,2015-08-01,5.0
WEST VIRGINIA,2015-09-01,9.0
WEST VIRGINIA,2015-10-01,5.0
WEST VIRGINIA,2015-11-01,4.0
WEST VIRGINIA,2015-12-01,3.0
WEST VIRGINIA,2016-01-01,5.0
WEST VIRGINIA,2016-02-01,9.0
WEST VIRGINIA,2016-03-01,5.0
WEST VIRGINIA,2016-04-01,9.0
WEST VIRGINIA,2016-05-01,7.0
WEST VIRGINIA,2016-06-01,7.0
WEST VIRGINIA,2016-07-01,6.0
WEST VIRGINIA,2016-08-01,6.0
WEST VIRGINIA,2016-09-01,6.0
WEST VIRGINIA,2016-10-01,11.0
WEST VIRGINIA,2016-11-01,8.0
WEST VIRGINIA,2016-12-01,6.0
WEST VIRGINIA,2017-01-01,6.0
WEST VIRGINIA,2017-02-01,6.0
WEST VIRGINIA,2017-03-01,4.0
WEST VIRGINIA,2017-04-01,5.0
WEST VIRGINIA,2017-05-01,4.0
WEST VIRGINIA,2017-06-01,3.0
WEST VIRGINIA,2017-07-01,10.0
WEST VIRGINIA,2017-08-01,6.0
WEST VIRGINIA,2017-09-01,8.0
WEST VIRGINIA,2017-10-01,3.0
WEST VIRGINIA,2017-11-01,7.0
WEST VIRGINIA,2017-12-01,4.0
WEST VIRGINIA,2018-01-01,13.0
WEST VIRGINIA,2018-02-01,4.0
WEST VIRGINIA,2018-03-01,3.0
WEST VIRGINIA,2018-04-01,8.0
WEST VIRGINIA,2018-05-01,13.0
WEST VIRGINIA,2018-06-01,2.0
WEST VIRGINIA,2018-07-01,14.0
WEST VIRGINIA,2018-08-01,8.0
WEST VIRGINIA,2018-09-01,9.0
WEST VIRGINIA,2018-10-01,9.0
WEST VIRGINIA,2018-11-01,3.0
WEST VIRGINIA,2018-12-01,8.0
WEST VIRGINIA,2019-01-01,11.0
WEST VIRGINIA,2019-02-01,8.0
WEST VIRGINIA,2019-03-01,9.0
WEST VIRGINIA,2019-04-01,6.0
WEST VIRGINIA,2019-05-01,6.0
WEST VIRGINIA,2019-06-01,6.0
WEST VIRGINIA,2019-07-01,10.0
WEST VIRGINIA,2019-08-01,5.0
WEST VIRGINIA,2019-09-01,6.0
WEST VIRGINIA,2019-10-01,12.0
WEST VIRGINIA,2019-11-01,9.0
WEST VIRGINIA,2019-12-01,3.0
WEST VIRGINIA,2020-01-01,9.0
WEST VIRGINIA,2020-02-01,7.0
WEST VIRGINIA,2020-03-01,3.0
WEST VIRGINIA,2020-04-01,2.0
WEST VIRGINIA,2020-05-01,3.0
WEST VIRGINIA,2020-06-01,7.0
WEST VIRGINIA,2020-07-01,9.0
WEST VIRGINIA,2020-08-01,3.0
WEST VIRGINIA,2020-09-01,9.0
WEST VIRGINIA,2020-10-01,9.0
WEST VIRGINIA,2020-11-01,12.0
WEST VIRGINIA,2020-12-01,3.0
WEST VIRGINIA,2021-01-01,5.0
WEST VIRGINIA,2021-02-01,7.0
WEST VIRGINIA,2021-03-01,2.0
WEST VIRGINIA,2021-04-01,6.0
WEST VIRGINIA,2021-05-01,7.0
WEST VIRGINIA,2021-06-01,4.0
WEST VIRGINIA,2021-07-01,10.0
WEST VIRGINIA,2021-08-01,5.0
WEST VIRGINIA,2021-09-01,2.0
WEST VIRGINIA,2021-10-01,5.0
WEST VIRGINIA,2021-11-01,7.0
WEST VIRGINIA,2021-12-01,4.0
WEST VIRGINIA,2022-01-01,6.0
WEST VIRGINIA,2022-02-01,5.0
WEST VIRGINIA,2022-03-01,6.0
WEST VIRGINIA,2022-04-01,6.0
WEST VIRGINIA,2022-05-01,6.0
WEST VIRGINIA,2022-06-01,8.0
WEST VIRGINIA,2022-07-01,4.0
WEST VIRGINIA,2022-08-01,7.0
WEST VIRGINIA,2022-09-01,6.0
WEST VIRGINIA,2022-10-01,9.0
WEST VIRGINIA,2022-11-01,7.0
WEST VIRGINIA,2022-12-01,6.0
WEST VIRGINIA,2023-01-01,6.0
WEST VIRGINIA,2023-02-01,11.0
WEST VIRGINIA,2023-03-01,7.0
WEST VIRGINIA,2023-04-01,7.0
WEST VIRGINIA,2023-05-01,6.0
WEST VIRGINIA,2023-06-01,2.0
WEST VIRGINIA,2023-07-01,7.0
WEST VIRGINIA,2023-08-01,11.0
WEST VIRGINIA,2023-09-01,8.0
WEST VIRGINIA,2023-10-01,12.0
WEST VIRGINIA,2023-11-01,6.0
WEST VIRGINIA,2023-12-01,5.0
WEST VIRGINIA,2024-01-01,8.0
WEST VIRGINIA,2024-02-01,4.0
WEST VIRGINIA,2024-03-01,11.0
WEST VIRGINIA,2024-04-01,6.0
WEST VIRGINIA,2024-05-01,5.0
WEST VIRGINIA,2024-06-01,6.0
WEST VIRGINIA,2024-07-01,8.0
WEST VIRGINIA,2024-08-01,5.0
WEST VIRGINIA,2024-09-01,6.0
WEST VIRGINIA,2024-10-01,9.0
WEST VIRGINIA,2024-11-01,8.0
WEST VIRGINIA,2024-12-01,6.0
WEST VIRGINIA,2025-01-01,7.0
WEST VIRGINIA,2025-02-01,3.0
WISCONSIN,2015-01-01,29.0
WISCONSIN,2015-02-01,24.0
WISCONSIN,2015-03-01,32.0
WISCONSIN,2015-04-01,17.0
WISCONSIN,2015-05-01,20.0
WISCONSIN,2015-06-01,21.0
WISCONSIN,2015-07-01,17.0
WISCONSIN,2015-08-01,21.0
WISCONSIN,2015-09-01,18.0
WISCONSIN,2015-10-01,13.0
WISCONSIN,2015-11-01,30.0
WISCONSIN,2015-12-01,28.0
WISCONSIN,2016-01-01,24.0
WISCONSIN,2016-02-01,36.0
WISCONSIN,2016-03-01,17.0
WISCONSIN,2016-04-01,26.0
WISCONSIN,2016-05-01,27.0
WISCONSIN,2016-06-01,29.0
WISCONSIN,2016-07-01,21.0
WISCONSIN,2016-08-01,35.0
WISCONSIN,2016-09-01,20.0
WISCONSIN,2016-10-01,30.0
WISCONSIN,2016-11-01,22.0
WISCONSIN,2016-12-01,19.0
WISCONSIN,2017-01-01,33.0
WISCONSIN,2017-02-01,23.0
WISCONSIN,2017-03-01,24.0
WISCONSIN,2017-04-01,22.0
WISCONSIN,2017-05-01,19.0
WISCONSIN,2017-06-01,31.0
WISCONSIN,2017-07-01,36.0
WISCONSIN,2017-08-01,29.0
WISCONSIN,2017-09-01,31.0
WISCONSIN,2017-10-01,30.0
WISCONSIN,2017-11-01,27.0
WISCONSIN,2017-12-01,32.0
WISCONSIN,2018-01-01,28.0
WISCONSIN,2018-02-01,18.0
WISCONSIN,2018-03-01,31.0
WISCONSIN,2018-04-01,32.0
WISCONSIN,2018-05-01,32.0
WISCONSIN,2018-06-01,21.0
WISCONSIN,2018-07-01,32.0
WISCONSIN,2018-08-01,26.0
WISCONSIN,2018-09-01,27.0
WISCONSIN,2018-10-01,29.0
WISCONSIN,2018-11-01,26.0
WISCONSIN,2018-12-01,26.0
WISCONSIN,2019-01-01,21.0
WISCONSIN,2019-02-01,30.0
WISCONSIN,2019-03-01,23.0
WISCONSIN,2019-04-01,21.0
WISCONSIN,2019-05-01,23.0
WISCONSIN,2019-06-01,16.0
WISCONSIN,2019-07-01,40.0
WISCONSIN,2019-08-01,20.0
WISCONSIN,2019-09-01,23.0
WISCONSIN,2019-10-01,21.0
WISCONSIN,2019-11-01,26.0
WISCONSIN,2019-12-01,18.0
WISCONSIN,2020-01-01,35.0
WISCONSIN,2020-02-01,29.0
WISCONSIN,2020-03-01,16.0
WISCONSIN,2020-04-01,17.0
WISCONSIN,2020-05-01,20.0
WISCONSIN,2020-06-01,24.0
WISCONSIN,2020-07-01,28.0
WISCONSIN,2020-08-01,20.0
WISCONSIN,2020-09-01,16.0
WISCONSIN,2020-10-01,20.0
WISCONSIN,2020-11-01,14.0
WISCONSIN,2020-12-01,20.0
WISCONSIN,2021-01-01,17.0
WISCONSIN,2021-02-01,22.0
WISCONSIN,2021-03-01,15.0
WISCONSIN,2021-04-01,22.0
WISCONSIN,2021-05-01,20.0
WISCONSIN,2021-06-01,26.0
WISCONSIN,2021-07-01,24.0
WISCONSIN,2021-08-01,19.0
WISCONSIN,2021-09-01,20.0
WISCONSIN,2021-10-01,23.0
WISCONSIN,2021-11-01,19.0
WISCONSIN,2021-12-01,26.0
WISCONSIN,2022-01-01,23.0
WISCONSIN,2022-02-01,18.0
WISCONSIN,2022-03-01,26.0
WISCONSIN,2022-04-01,22.0
WISCONSIN,2022-05-01,19.0
WISCONSIN,2022-06-01,23.0
WISCONSIN,2022-07-01,22.0
WISCONSIN,2022-08-01,26.0
WISCONSIN,2022-09-01,16.0
WISCONSIN,2022-10-01,21.0
WISCONSIN,2022-11-01,22.0
WISCONSIN,2022-12-01,18.0
WISCONSIN,2023-01-01,29.0
WISCONSIN,2023-02-01,22.0
WISCONSIN,2023-03-01,22.0
WISCONSIN,2023-04-01,16.0
WISCONSIN,2023-05-01,19.0
WISCONSIN,2023-06-01,21.0
WISCONSIN,2023-07-01,24.0
WISCONSIN,2023-08-01,24.0
WISCONSIN,2023-09-01,18.0
WISCONSIN,2023-10-01,30.0
WISCONSIN,2023-11-01,23.0
WISCONSIN,2023-12-01,7.0
WISCONSIN,2024-01-01,18.0
WISCONSIN,2024-02-01,11.0
WISCONSIN,2024-03-01,22.0
WISCONSIN,2024-04-01,12.0
WISCONSIN,2024-05-01,26.0
WISCONSIN,2024-06-01,22.0
WISCONSIN,2024-07-01,17.0
WISCONSIN,2024-08-01,24.0
WISCONSIN,2024-09-01,22.0
WISCONSIN,2024-10-01,24.0
WISCONSIN,2024-11-01,21.0
WISCONSIN,2024-12-01,22.0
WISCONSIN,2025-01-01,21.0
WISCONSIN,2025-02-01,16.0
